item_id|title|category|content|link|date|photo_link
6_20210808_1|蔡英文：台灣已取得逾960萬劑疫苗|政治|全球疫苗供給吃緊，我國第五批自購莫德納疫苗9.96萬劑，今（8）日下午已抵達桃園國際機場。對此，總統蔡英文表示，包含今天的疫苗在內，目前台灣已經累計取得超過960萬劑疫苗，接下來，政府和民間採購的疫苗數量還會陸續抵達。 蔡英文表示，包含今天的疫苗在內，目前台灣已經累計取得超過960萬劑疫苗。我國與美國莫德納（Moderna）公司採購之疫苗，目前共有124.96萬劑到貨，分別為首批5月28日15萬劑、第二批6月18日24萬劑、第三批6月30日41萬劑、第四批7月15日35萬劑及本批9.96萬劑。今日抵台疫苗待完成通關程序後，將直接運送至指定冷儲物流中心進行後續檢驗封緘作業，再提供新冠肺炎接種計畫所列實施對象接種。對此，蔡英文透過臉書分享疫苗抵台的好消息，「這陣子受到Delta變種病毒影響，世界上許多國家的確診數再創高峰。不過，台灣的確診人數則持續下降，這是全民共同努力的成果」。 蔡英文強調，台灣的確診人數則持續下降，是全民共同努力的成果。蔡英文指出，「在全球疫苗供貨短缺的挑戰下，我們依然多管齊下，努力維持疫苗供應。包含今天的疫苗在內，目前台灣已經累計取得超過960萬劑疫苗。接下來，政府和民間採購的疫苗數量還會陸續抵達，我們會全力催促、緊盯疫苗供貨，並搭配國產疫苗，讓國人的接種可以持續下去」。蔡英文也呼籲國人，「請大家一起繼續努力，落實防疫，並用更高的整體防護力來對抗疫情，守護台灣！」此外，指揮中心稍早說明，我國已於今（2021）年2月8日及7月21日與莫德納公司簽署新冠肺炎疫苗供應合約，其中605萬劑於今年供應。該疫苗為多劑型包裝（每瓶10人份），存放於-20℃可保存至少6個月，於2-8℃之使用期限為30天，依臨床試驗結果，每人需施打2劑，2劑間隔28天以上，疫苗保護效力可達94%。● 疫苗施打意願登記與預約系統：https://1922.gov.tw/|https://www.setn.com/News.aspx?NewsID=979448&utm_source=setn.com&utm_medium=viewall&utm_campaign=viewallnews|2021-08-08|
6_20210808_2|不只泛黃枕頭！高嘉瑜曬下廚照凹一角|政治|民進黨立委高嘉瑜去年一張「泛黃枕頭」引發熱烈迴響，今日她在臉書上曬出一張下廚照，只見平底鍋凹了一角，讓不少網友笑稱鍋子處境跟枕頭好像。對此，高嘉瑜回應表示，由於自己下廚機會非常少，平底鍋是非常便宜的不沾鍋，也疏於保養，塗層早就磨損掉了，說完自己也憋不住笑意，噗哧地笑出來。，會煎韭菜盒也只是自己想吃高嘉瑜去年一張在臉書公開自己的閨房照，大吐苦水解釋自己沒有搬家的原因，不過「泛黃枕頭」卻引發網友們熱烈迴響。高嘉瑜今日在臉書曬出一張，自己煎冷凍韭菜盒的下廚照，還說「高度還原、美味度接近100%，不用加一滴油、不需廚藝，只要會開火。」不料網友紛紛關注高嘉瑜「凹了一角」的平底鍋，有網友留言直呼鍋子處境跟枕頭好像，還有人笑說「看得出來這個鍋子歴經滄桑。」「凹了一角」的平底鍋，引發網友關注對此，高嘉瑜回應表示，由於自己下廚機會非常少，平底鍋是非常便宜的不沾鍋，也疏於保養，塗層早就磨損掉了，說完自己也憋不住笑意，噗哧地笑出來。她也表示會盡快換掉平底鍋，會煎韭菜盒也只是自己想吃，其實平常並不會自己煮。|https://www.setn.com/News.aspx?NewsID=979426&utm_source=setn.com&utm_medium=viewall&utm_campaign=viewallnews|2021-08-08|
6_20210808_3|他：全紅嬋讓全球看到中國沒有這靈魂|政治|中國14歲跳水小將全紅嬋在8/5東奧女子10公尺跳台項目，以總分466.2的優異成績，為中國奪得金牌，年紀輕輕的全紅嬋，首征奧運就技壓全場，被譽為「跳水天才少女」。賽後，她毫無意外成為焦點，全中國媒體更是連日報導；宜蘭市市政顧問吳濬彥今（8）天下午在臉書發表長文指出，全紅嬋一舉成為官媒大內宣的工具；全紅嬋的努力，在得牌的那一刻全世界都看見了。但全世界也看到了，沒有奧林匹克靈魂的中國。。她的貧窮、苦練與率真，賺人熱淚，也令中共黨國的主旋律相形尷尬。以下為吳濬彥臉書全文：14歲的孩子應該是什麼樣的生活？中國籍14歲的全紅嬋，也就是這次2020東奧女子單人跳水金牌。中媒在她獲獎後，不斷塑造「可愛」、「純真」、「萌」的形象，並表揚她的孝心。全紅嬋一舉成為官媒大內宣的工具。究竟是什麼樣的動機讓一個女孩願意犧牲自己的童年，一路堅忍到冠軍的寶座？這個來自廣東農村的女孩，七歲起每週訓練六天，每年只有幾天不在體育館，每天不斷重複進行機械式訓練。全紅嬋7歲時被教練選去體育學校練跳水，那時她不愛讀書，以為跳水就不用上學，從此她每天苦練，單日要跳四百多次。因為窮，她從來沒去過遊樂園或動物園，放假也只能留在家裏，把所有時間都花在跳水，以致沒時間讀書識字。而這些努力的目的是為了給家裡的母親籌措醫療費用。「我媽媽生病了，可是我不知道那個字怎麼讀，不知道她得的什麼病，然後就很想賺錢，回去給她治病，得賺很多錢，然後治好她……」，全虹嬋接受採訪時這麼說，她甚至不認得母親的病該怎麼唸。微信公眾號「中產生活觀察」前兩天發了一則貼文，提到中國官媒在報導全紅嬋時，刻意淡化她的出身背景、訓練過程的苦難，並「精心」的將她受訪時不認識字的畫面移除。可想而知，這篇觸動黨國敏感神經的貼文在不到24小時的時間就被下架，因為它不小心地透露出了中國貧富極端懸殊的訊息。2002年中共十六大提出建設小康社會，2021年的習近平趁著七一中共百年黨慶時，就稱中國已全面建成了「小康社會」，歷史性地解決了絕對貧困問題。全紅嬋面對媒體所說的，正與中國共產黨大吹之經濟成果相違逆。奧運是大多數運動員夢想的殿堂，許多運動員希望能在這個世界舞台上達成自我實現。但在中國，對於運動員的訓練是有系統性的培訓，從全國各地篩選出數萬名兒童送進2,000多所政府經辦的體育學校，而這些年幼的孩子將面對的是不間斷的全日制訓練。背負的不是什麼夢想還是榮耀，而是來自現實生存的壓力，他們許多人來自貧困的農村，希望能透過成為運動員來改變命運，並且，在他們身後的五星旗時時提醒著他們：他們的責任是為宣揚中國的國族主義征戰。是為黨國，而不是為自己。在這種變態的體系下，中國運動員在身體、心靈和精神上都背負著無法想像的壓力。對自己，金牌是人生走來唯一目標；對外，是背負整個民族大義，因此即使是得到銀牌的殊榮，依然會遭受到來自中國內部的罵名。比方台灣羽球國手李洋、王齊麟，擊敗了中國組合李俊慧、劉雨辰，兩人的微博就隨即遭大量中國網民出征；反觀戴資穎惜敗陳雨菲時，多數台灣人的反應卻是給予戴鼓勵和支持。在轉播的畫面上，相對他國選手在場上的表現，中國選手比賽時臉上少有笑顏，那些運動員有在享受比賽嗎？我想只有中國選手內心知道。德國《南德意志報》對中國選手在奧運上的表現，給出了「中國的奧運，除了沒有靈魂的獎牌工廠外，很難看到其他東西。」的評論，因為驅使中國運動員前進的動力或許不是熱情，而是恐懼。“奧林匹克主義是一種人生哲學，它將身體、心靈和精神的各種品質均衡地結合起來，並使之得到提高和發展；它將體育運動、文化和教育融為一體。奧林匹克主義所宣揚的人生道路，除以基本倫理原則為基礎外，還建基於從奮鬥中所體驗的樂趣和自我存在價值，及以優秀運動員為榜樣的教育價值。” ——引用自奧林匹克憲章全紅嬋的努力，在得牌的那一刻全世界都看見了。但全世界也看到了，沒有奧林匹克靈魂的中國。 |https://www.setn.com/News.aspx?NewsID=979410&utm_source=setn.com&utm_medium=viewall&utm_campaign=viewallnews|2021-08-08|
6_20210808_4|餐飲內用首週末！北市稽查驚曝1盲點|政治|雙北3日開放餐飲內用，這周末迎來父親節檔期的人潮。針對北市餐廳內用須符合維持梅花座、每桌間隔1.5公尺等規定，北市衛生局今日表示，從8月3日至8月7日共稽查533家，其中有61家限期改善，原因包括，無員工體溫監測紀錄、無消毒紀錄與實聯制不完整等。另外，衛生局今日也特別針對「同行家人用餐」說明，有業者誤以為同桌家人不用梅花座，但依照中央指揮中心的規定，家人同桌用餐也需要梅花座或隔板，照顧嬰幼兒等狀況才能例外。北市衛生局下午召開記者會說明，從8月3日至8月7日共稽查533家餐廳內用情況，有61家需限期改善，原因包括，無員工體溫監測紀錄、無消毒紀錄與實聯制不完整等。衛生局也再度強調，業者實聯制要落實、動線規劃要仔細、用餐間隔要確實；人流控管總量管制，讓室內空間至少1.5米/人(2.25平方米/人)，室外空間至少1米/人(1平方米/人)。衛生局指出，業者也需要每日量測體溫監測健康狀況，環境定期清潔消毒，從業人員戴口罩、勤洗手；自助餐型態之餐廳,應有適當之阻隔，由服務人員夾取提供。餐點供應應以個人套餐為主，多人共煮、共餐，應由服務人員代為操作分菜後再上菜。至於消費者則須配合除飲食外，全程配戴口罩，保持社交安全距離。也不得離桌進行敬酒/茶等社交互動。另外，衛生局食藥管理科長陳怡婷今日也特別針對「同行家人用餐」說明，表示有業者誤以為同桌家人不用梅花座，但依照中央指揮中心的規定，家人同桌用餐也需要梅花座或隔板，照顧嬰幼兒等狀況才能例外。|https://www.setn.com/News.aspx?NewsID=979402&utm_source=setn.com&utm_medium=viewall&utm_campaign=viewallnews|2021-08-08|
6_20210808_5|東奧今閉幕 蘇揆：台灣子弟揚眉國際|政治|東奧將在今（8）日閉幕，台灣共獲2金4銀6銅，累計12面獎牌，表現非常亮麗。對此，行政院長蘇貞昌今天表示，這次的成績，讓我們更有信心，台灣子弟揚眉國際。而且台灣同胞，大家看到選手的表現，我們不會像有些國家，選手贏也罵、輸也罵，還怪地主、怪裁判，台灣民眾水準越來越高。。蘇貞昌今日下午視察高鐵苗栗段邊坡滑動搶修情形前受訪時，談到這次東奧時表示，這次東京奧運表現非常亮麗，有這麼多的選手，多少年的辛苦努力；也有這麼多教練、陪練員、物理治療師，甚至後面很多的老師、培訓人員、家人、全國同胞一起，才能讓選手表現亮麗。另一方面，政府也不斷投入資源，讓選手有更好的訓練環境，各方面大家一起努力，台上十分鐘、臺下要用十年功。蘇貞昌並表示，這次的成績，讓我們更有信心，台灣子弟揚眉國際。而且台灣同胞，大家看到選手的表現，我們不會像有些國家，選手贏也罵、輸也罵，還怪地主、怪裁判，台灣民眾水準越來越高。最最重要是，政府從事體育行政工作，我們必須方方面面做好。對於體育署長張少熙因為讓選手坐經濟艙惹議，引發的去留問題，蘇貞昌表示，他昨天說，百密難免一疏，像這次其實是為了防疫，讓選手有更大的空間，所以包機，讓選手不會因為防疫，萬一有一人染疫，其他選手連參加比賽都不可以，可是官員擠進去坐商務艙，觀感不好，事前也沒有好好溝通、也沒有報告，這都是不該，我們應該要謙卑檢討。蘇貞昌並表示，我們等回來後，就整體情況會好好檢討，還有很多我們確實，政府很多方面都必須更認真、更謙卑，很快地明年就要亞運、三年後很快就是巴黎奧運，我們希望成績越來越好，大家一方面給選手加油，一方面也給這麼多的後勤人員、行政人員多加油，政府也會更努力。|https://www.setn.com/News.aspx?NewsID=979384&utm_source=setn.com&utm_medium=viewall&utm_campaign=viewallnews|2021-08-08|
6_20210808_6|鼓勵民眾打高端疫苗？侯友宜鬆口表態|政治|指揮中心規劃第6輪開打國產的高端疫苗，預計8月下旬就打得到。是否鼓勵民眾施打高端？新北市長侯友宜今（8）日回應，對國家發展生物科技疫苗都一定支持，但疫苗必須通過國際標準來取得民眾信任，並和國際接軌、競爭，這才是最重要的。 侯友宜說明新北市的最新疫情發展。指揮中心指揮官陳時中日前表示，根據現階段規劃，第5輪預計將接種莫德納疫苗，第6輪則開打高端疫苗，照登記、順序把疫苗打完，其他暫時不再新增類別，高端疫苗預計8月下旬就打得到。對此，侯友宜今日在防疫記者會上回應說明，「高端也好，我一直提到一個問題，疫苗是不夠的，中央也回應過確定不夠的問題，之前也公布高端國產疫苗，今天重新說明，我們對於國家發展生物科技疫苗都一定是支持的，但疫苗的研發及使用都必須要通過國際標準來取得民眾信任，讓民眾更加了解，並和國際接軌、競爭，這才是最重要的」。至於我國第五批採購Moderna疫苗9.96萬劑，今日下午3時50分抵達桃園國際機場。侯友宜指出，「我希望疫苗還是要趕快採購，用任何方式讓疫苗進來，尤其要買到更好的品質，而且量一定要夠，因為顯然目前的量還是不夠，所以中央應該要加把勁，能夠多多買到品質好、速度快、量要夠的疫苗，讓每個人都有機會打得到疫苗，甚至給民眾多一些選擇，這才是大家現在的期待」。 |https://www.setn.com/News.aspx?NewsID=979336&utm_source=setn.com&utm_medium=viewall&utm_campaign=viewallnews|2021-08-08|
6_20210808_7|前瞻治水預算遭質疑 蘇揆說話了|政治|受到原「盧碧颱風」外圍環流及西南氣流影響，豪雨重創南部縣市，民眾黨立委高虹安質疑，先前2500多億元的前瞻治水預算有問題、甚至淪為美化用的視覺預算。對此，行政院長蘇貞昌指出，這次雨量和87水災相當，但當年災害嚴重很多，這就是因為現有的水環境前瞻建設。他並強調，但是像這樣一天有1千1百公釐水量，誰都撐不起，所以還是要謙卑一點。。高虹安質疑，兩期8800億前瞻預算，雖然有2508億的水環境建設預算，但執行的狀況是很多用在環境的美化，把大量的經費、心力打造親水空間上，而非深入地解決治水問題或提高防洪標準等；她質疑，這次淹水是前瞻預算應用有問題，治水預算淪為視覺預算。蘇貞昌指出，我們小時候讀書說「人定勝天」，經過多少年的學習，大家現在知道人應該謙卑一點，不能老是跟環境作對。尤其是我們看到現在極端型氣候，也不過才一個多月前，我們還在抗旱，現在在治水。所以我們非常謝謝沿路來多少人辛苦、努力，記得我小學畢業那一年「八七水災」，那時候水量破天荒，昨天的水量差不多，當年那個災情比昨天這個嚴重非常非常多。蘇貞昌並指出，我們看到，這次因為我們有「前瞻」水環境建設，所以在抗旱中，沒有受那麼大的苦。這次的水災，我們也看到很多地方因為有建設，所以沒有那麼大的災害，但像這樣累積超過1,100毫米雨量，誰都撐不起，所以還是要謙卑一點，同時我們也多一分準備，少一分災害。蘇貞昌表示，就像我們現在要來看的高鐵，如果不是有預警系統，能夠提前警訊、列車停下來，否則不知會發生什麼後果，所以很多資源投入，是保障生命財產安全，雖然還是難免有災情，但還是希望全國民眾，大家努力做好環境保護，同時政府也會更努力，做各種水環境建設，希望大家一起讓臺灣更好。|https://www.setn.com/News.aspx?NewsID=979368&utm_source=setn.com&utm_medium=viewall&utm_campaign=viewallnews|2021-08-08|
6_20210808_8|又有1足跡！停留內湖特力屋、大潤發|政治|北市衛生局今日公布2例確診足跡，除了稍早公布的案15875為新北市個案，衛生局再度公布1例確診足跡，案15888於8/7確診，初判可能感染源尚待釐清，個案曾到過的台北市花卉批發市場，已進行清消並停業至8/10；特力屋內湖店、HOLA特力和樂內湖店及大潤發內湖二店8/8中午起停業1天，同日下午進行清消；鐵板燒停業3天。▼衛生局下午召開記者會，說明今天公布的2例足跡情形，案15875新北市個案，上下班搭乘捷運進入北市，新北市已經進行疫調跟隔離措施；另外，案15888於8/7確診，目前感染源尚待釐清，個案曾在8/2上午10時至11時前往台北花卉批發市場B館，8/5下午13:35-13:56前往特力屋內湖店、HOLA特力和樂內湖店後，隨即到大潤發內湖二店，14:06-14:42則在御宴鐵板燒用餐，目前該案已經匡列居家隔離22人。|https://www.setn.com/News.aspx?NewsID=979371&utm_source=setn.com&utm_medium=viewall&utm_campaign=viewallnews|2021-08-08|
6_20210808_9|杜絕租屋黑市 立院籲推租契實價登錄|政治|立法院法制局建議修改租賃住宅市場發展及管理條例，規定租賃雙方必須在期限內將房屋租賃契約登載在實價登錄網站，杜絕房東操控租金及逃漏稅等問題，減少租屋黑市發生。，必須在期限內將房屋租賃契約登載在實價登錄網站。根據立法院法制局最新報告指出，由於高房價，內政部估算全台約300萬人選擇租屋，租屋族已占全台總人口數的1/8，延伸出居住品質惡劣、不安全，且租金資訊不透明，租約沒有保障，更嚴重的是房東逃漏稅，以及弱勢家戶無法申請租金補貼等租屋黑市問題。報告指出，建議修正「租賃住宅市場發展及管理條例」，將所有房屋租賃關係者均納管，規定房東及房客必須在一定期限內，訂立房屋租賃租約，政府提供定型化契約供雙方使用，強制規定契約中應記載及不得記載事項。報告指出，強制規定租賃雙方必須在一定期限內，將房屋租賃契約在政府「實價登錄網站」上登載，如此才能讓民眾瞭解當地租屋行情，於租屋前做一比較，杜絕房東片面操控租金，一方面可減少租屋黑市發生，另方面可杜絕房東逃漏稅。法制局表示，日本目前積極推動租賃正常化與產業化的房市政策，日本租賃產業的特性，包括規模經濟效果，管理戶數增加等，且日本的租賃管理公司業務內容愈來愈多樣化，不再單純的派人打掃維護、找房客，而有效且長期維護資產的價值，並適時給予出售及再購建議，可做為台灣開拓租屋市場改善的借鏡。根據現行的規定，目前不動產出租要實價登錄的規定主要是針對委託不動產仲介業者成交的租賃案件，且由仲介業者申報，若出租的不動產為未登記建物，就無須申報。也就是說，若是由房東自行出租給房客，就不一定要申報，造成租屋市場租金不透明、房東逃漏稅等問題。|https://www.setn.com/News.aspx?NewsID=979286&utm_source=setn.com&utm_medium=viewall&utm_campaign=viewallnews|2021-08-08|
6_20210808_10|歡慶父親節 侯友宜示警2景點人潮|政治|今（8）日是父親節，也是餐飲內用解禁的第一個周末，不少民眾趁著天氣晴朗，選擇出門慶祝。針對景點人潮狀況，新北市長侯友宜說明，根據人潮儀表板的觀察，新北境內僅十分瀑布和碧潭停車場兩處超過30%，建議不要前往，下午將繼續密切關注。 侯友宜說明新北市的景點人潮狀況。針對新北市的景點人潮況狀，侯友宜今日下午於防疫應變會議會後記者會上說明，今天是父親節，疫情對餐飲業是非常嚴峻的挑戰，經過這兩天密切觀察，業者配合度很高，雖然昨天有宏匯廣場外帶大排長龍，市府稽查並輔導後已經得到改善。侯友宜指出，昨天下雨人潮比較少，今天大太陽好天氣，便擔心人潮出現，但根據人潮儀表板的觀察，僅十分瀑布、碧潭停車場超過30%，建議不要前往，下午將繼續密切關注。 國內今日新增4例本土確診，同樣創三級警戒以來新低。中央流行疫情指揮中心稍早說明，國內新增7例新冠肺炎確定病例，分別為4例本土及3例境外移入；另確診個案中新增3例死亡。指揮中心表示，今日新增之4例本土病例（其中2例為居家隔離期間或期滿檢驗陽性者），為3例男性、1例女性，年齡介於20多歲至50多歲，發病日均為今（2021）年8月6日。個案分布為台北市2例、新北市及桃園市各1例；其中3例為已知感染源、1例疫調中，將持續進行疫情調查，以釐清感染源。 |https://www.setn.com/News.aspx?NewsID=979335&utm_source=setn.com&utm_medium=viewall&utm_campaign=viewallnews|2021-08-08|
6_20210808_11|新北：8／10起開放游泳池、足球場|政治|父親節好消息！新北市今（8）日新增1例本土確診，創下5月份三級警戒以來的最低紀錄。針對目前的疫情發展，新北市長侯友宜宣布，新北市8月10日起有條件開放游泳池和足球場，但淋浴間、戲水池、冷熱水池、SPA、烤箱、蒸氣室等6種場所仍不開放。▼ 侯友宜宣布，新北市8月10日起有條件開放游泳池和足球場。針對新北市的解封情形，侯友宜今日下午於防疫應變會議會後記者會上公布，8月10日起有條件開放游泳池和足球場，但淋浴間、戲水池、冷熱水池、SPA、烤箱、蒸氣室等6種場所仍不開放。侯友宜特別提醒，相關的防疫措施需依照中央指引落實辦理，泳池採預約制或人員造冊，民眾在非游泳期間必須全程配戴口罩。中央流行疫情指揮中心稍早說明，國內新增7例新冠肺炎確定病例，分別為4例本土及3例境外移入；另確診個案中新增3例死亡。指揮中心表示，今日新增之4例本土病例（其中2例為居家隔離期間或期滿檢驗陽性者），為3例男性、1例女性，年齡介於20多歲至50多歲，發病日均為今（2021）年8月6日。個案分布為台北市2例、新北市及桃園市各1例；其中3例為已知感染源、1例疫調中，將持續進行疫情調查，以釐清感染源。 國內今日新增4例本土確診，同樣創三級警戒以來新低。 |https://www.setn.com/News.aspx?NewsID=979334&utm_source=setn.com&utm_medium=viewall&utm_campaign=viewallnews|2021-08-08|
6_20210808_12|新北確診＋1創新低 侯：第三度見零|政治|父親節好消息！新北市今（8）日新增1例本土確診，創下5月份三級警戒以來的最低紀錄。針對目前的疫情發展，新北市長侯友宜說明，該案住在三重區，為居家隔離期間的陰轉陽，因此新北實際上沒有新增的個案。▼ 侯友宜說明新北市的最新疫情發展。針對新北市的疫情發展，侯友宜今日下午於防疫應變會議會後記者會上公佈，新北增加1例本土確診，該案住在三重區，為居家隔離期間的陰轉陽，因此新北實際上沒有新增的個案。侯友宜指出，儘管前幾天出現群聚案，但經過處理後，目前的疫情都是穩穩控制，新北自三級警戒以來已三度見到「零新增個案」，盼持續穩定控制疫情。 中央流行疫情指揮中心稍早說明，國內新增7例新冠肺炎確定病例，分別為4例本土及3例境外移入；另確診個案中新增3例死亡。指揮中心表示，今日新增之4例本土病例（其中2例為居家隔離期間或期滿檢驗陽性者），為3例男性、1例女性，年齡介於20多歲至50多歲，發病日均為今（2021）年8月6日。個案分布為台北市2例、新北市及桃園市各1例；其中3例為已知感染源、1例疫調中，將持續進行疫情調查，以釐清感染源。 國內今日新增4例本土確診，同樣創三級警戒以來新低。|https://www.setn.com/News.aspx?NewsID=979337&utm_source=setn.com&utm_medium=viewall&utm_campaign=viewallnews|2021-08-08|
6_20210808_13|這也有人信？網傳政府用吹箭逼打高端|政治|記者莊惠琪、葛子綱／台北報導臉書上又出現關於高端疫苗的假消息，LINE群組「討伐民進黨」裡面的成員轉發一張對話截圖，警告大家 ，「蔡政府打算用吹箭強制人民打高端，大家請保護好自己的脖子跟手臂」，超扯謠言在網路上引發討論；而行政院長蘇貞昌今（8）日一早在臉書宣布，政府採購的10萬劑莫德納疫苗，凌晨從盧森堡起飛，預計下午三點多就會抵達桃園機場。.88%。幾箱疫苗準備上華航貨機，行政院長蘇貞昌8日一早在臉書宣布，政府採購的10萬劑莫德納疫苗，8日凌晨從盧森堡起飛。貼文中也提到，台灣疫苗覆蓋率從5月16日的不到1％，到目前已經達到36.88%，有超過910萬人已接種。。而日前指揮中心宣布開放AZ混打疫苗，目前我國莫德納疫苗存量還有67.3萬劑，這次開放第五輪以及第一線人員混打後，將剩下10.8萬劑，補貨10萬劑，供第二劑跟混打使用，算是及時雨。不過關於疫苗，網路上又出現假消息LINE群組「討伐民進黨」裡的成員轉發一張對話截圖，有民眾說「我爸媽每次在那裡跟我姐說，她以後可能會被強迫打高端，我都在想，蔡英文是會派海豹部隊來我家嗎」，另一人回應「好好笑，可能用吹箭吧，走在路上突然被射中」。結果轉傳這張群組的民眾，警告其他成員「已有傳言，蔡政府打算用吹箭強迫人民打高端，請大家保護好自己的脖子跟手臂」。。民眾：「會相信的人也很奇怪，要黑也黑得有質感一點吧。」「應該不會用這種這麼…因為你自己有選擇權，你不要打就好啦。」「因為現在是民主的時代，應該不太可能會這樣吧，對啊，感覺又不是共產國家。」這則假消息在網路上瘋狂轉傳，還有人KUSO畫出Q版總統蔡英文吹箭；但親藍網紅比特王則發文怒斥，這是企圖營造韓粉等於智商不高的印象。誇大假消息掀起論戰，但重點還是要繼續衝疫苗涵蓋率。 看更多 新冠肺炎（COVID-19）疫情 最新報導： https://bit.ly/37gsay1★ 三立新聞網提醒您：防範新冠肺炎，應使用肥皂勤洗手，搭乘大眾運輸或無法保持社交距離時，務必戴上口罩！回國若身體不適請主動通報，14天內出現疑似症狀請先撥打防疫專線，並戴上口罩儘速就醫，務必告知醫師旅遊史。※ 免付費防疫專線：1922、0800-001922看更多 新冠肺炎（COVID-19）疫情 最新報導： https://bit.ly/37gsay1★ 三立新聞網提醒您：疫苗接種與猝死關聯尚無定論|https://www.setn.com/News.aspx?NewsID=979305&utm_source=setn.com&utm_medium=viewall&utm_campaign=viewallnews|2021-08-08|
6_20210808_14|體育署長張少熙將功贖罪？蘇揆回應了|政治|東奧選手坐經濟艙、官員坐商務艙一事惹議，導致體育署長張少熙請辭以示負責，不過，行政院長蘇貞昌指示待奧運結束後，一併檢討處理。如果東奧已告一段落，對於張少熙去留問題，蘇貞昌今（8）日表示，百密難免一疏，這次為了防疫把整部飛機包起來，但官員擠進去坐商務艙觀感不好，也沒有事先溝通，回來後就整體情況會好好檢討。。台灣選手在東京奧運表現亮眼，累計已奪下12面獎牌，創史上最佳紀錄，因東奧選手搭乘經濟艙引發爭議而提出辭呈的體育署長張少熙，是否因此「將功贖罪」也引發關注。蘇貞昌今日下午視察高鐵苗栗段邊坡滑動搶修情形前受訪表示，這一次東京奧運表現非常亮麗，是選手、教練、培訓人員等多年的努力，政府也不斷投入資源，讓選手有更好的訓練環境，這一次的成績讓我們更自信，能有實力揚眉國際，「不會像某些國家贏也罵輸也罵、怪地主怪裁判，台灣民眾水準越來越高。」至於張少熙去留問題，蘇貞昌表示，百密難免一疏，這次代表團為了防疫把整部飛機包起來，但官員擠進去坐商務艙不僅觀感不好，也沒有事先溝通跟報告，回來後會就整體情況好好檢討。|https://www.setn.com/News.aspx?NewsID=979344&utm_source=setn.com&utm_medium=viewall&utm_campaign=viewallnews|2021-08-08|
6_20210808_15|五倍券要來了 蘇揆：一定有刺激效用|政治|新冠肺炎（COVID-19）疫情衝擊內需產業，為了提振經濟，行政院證實，朝向「振興五倍券」的方向在規劃中，行政院長蘇貞昌今（8）日表示，發三倍券或五倍券之所以比現金好，在於現金不可能限期使用，甚至會被存起來，還有很多商家甚至地方政府都還會加碼，創造更大的經濟效益，所以才想用發行三倍券或五倍券來讓這次受衝擊的產業，像是餐飲，夜市，零售及百貨，達到刺激效果。，朝向「振興五倍券」的方向在規劃中行政院正在規劃「振興五倍券」，不過在野黨甚至是民進黨立委都質疑應該發放現金，行政院明天將會和黨籍立委溝通。另外，審計部也打臉去年發行三倍券，並未如政府所說的有達到千億的效益。對此，蘇貞昌下午視察高鐵苗栗段邊坡滑動搶修情形前受訪時表示，發三倍券或五倍券之所以比現金好，是因為限期使用，現金就不可能限期使用，甚至會被存起來；而三倍券五倍券好處就是很多商家，甚至於很多地方政府都還加碼，甚至於到加油站去都還可以有折扣。蘇貞昌並表示，為了幫忙中低收入戶，政府還把一千元先撥入帳戶，讓他直接去領五千元，這也減輕弱勢朋友的負擔，所以去年台灣2300萬人，每100人就有98多個人領，而且如期用完，所以政府才想利用發三倍券五倍券，來讓這次受衝擊的內需產業，且對餐飲，夜市，零售，百貨，一定會有刺激效用。|https://www.setn.com/News.aspx?NewsID=979328&utm_source=setn.com&utm_medium=viewall&utm_campaign=viewallnews|2021-08-08|
6_20210808_16|新／北市公布1足跡 遍及5捷運站|政治|北市衛生局稍早公布1例確診足跡，案15875為新北市個案，於8/6確診，初判可能感染源尚待釐清，個案曾搭乘的捷運已完成清消。北市衛生局表示，案15875為新北市個案，8月6日確診，感染源尚待釐清，曾在7月28日至30日，以及8月2日至5日，早上8時至8時20分，搭乘捷運中和新蘆線自頂溪站至古亭站，並轉成松山新店線至南京復興站。該案8月5日下午3時30分至4時05分，搭乘捷運淡水信義線自大安站到東門站，轉乘中和新蘆線至頂溪站。衛生局表示，個案曾搭乘的捷運均已完成清消。|https://www.setn.com/News.aspx?NewsID=979308&utm_source=setn.com&utm_medium=viewall&utm_campaign=viewallnews|2021-08-08|
6_20210808_17|柯文哲：我從政，依然讓我爸不以為然|政治|今（8）天是父親節，不少政治人物都貼出自己跟父親的合照，台北市長柯文哲今天午間也貼出一張他兒時的照片，他說，這幾年父子間的互動很少，「但我知道父親對我的關懷，也知道我從政，依然讓他不以為然」。柯文哲說，他的父親是一個很沈默的人、不苟言笑，以前他的話就不多，這幾年隨著聽力減損，話愈說愈少。（左一）「我的工作時間長，回新竹老家的時間也愈來愈短。往往只有父母親的生日、過年才會抽空回家一趟，餐桌上幾乎都是媽媽在說話，父子間的互動很少。但我知道父親對我的關懷，也知道我從政，依然讓他不以為然」。柯文哲透露，2014年，參選台北市長時，爸爸特地跑到台大醫院找他，拜託他當醫生就好，千萬不要強出頭。「當了五十多年孝順的兒子，只有那一次我沒有聽爸爸的話。儘管他的心裡還是期待兒子安穩的在台大醫院當個醫生，但當我真的參選下去，他還是靜靜的在每一個場合支持我」。「父親節這一天，我沒有回去新竹，很多沒說出口的話，就用文字傳達吧！」柯文哲感性地寫道，「謝謝我的父親，謝謝您願意做柯文哲最大的靠山，願您身體康健！父親節快樂！也祝福天下所有孩子的父親，父親節快樂！」 |https://www.setn.com/News.aspx?NewsID=979292&utm_source=setn.com&utm_medium=viewall&utm_campaign=viewallnews|2021-08-08|
6_20210808_18|120台商逃出印尼 包機抵台時間曝|政治|印尼當地疫情在5月開齋節過後快速蔓延，確診人數飆高，由於台灣印尼航線已暫停直飛班機，印尼僑界原本預計協調巴澤航空在7月28日以包機載旅居印尼的我國僑民返台，不料班機調度不及，巴澤航空取消原規劃的包機，所幸在印尼台商總會與印尼熱心的台商安排下，改成今（8）日起飛的印尼Garuda航空包機。對此，外交部今日表示，包機預計於晚間10時55分抵台，約有120名在印尼的台商僑民登記。。巴澤航空7月20日臨時通知因班機調度不及，取消原規劃7月28日起飛的包機，但印尼疫情持續延燒，當地台商僑民期盼儘速返國，外交部及駐印尼代表處洽詢國內外其他航空公司，並在印尼台商總會與印尼熱心的台商已協調安排下，改成8月8日印尼Garuda航空的包機，開放旅居印尼有返國需求的台商僑民登記搭乘。對此，外交部今日表示，包機預計於台灣時間8日下午5時20分自雅加達起飛，同日晚間10時55分抵台，據了解約有120名在印尼的台商僑民登記搭機。為防堵Delta變種病毒，中央流行疫情指揮中心6月底將印尼納入「重點高風險國家」，入境者須受嚴格檢疫規範。不過據《中央社》引述我國駐印尼代表處領務組長柯孝宗，表示為配合防疫，代表處之前已將旅客名單提供外交部、移民署及衛福部，方便機場檢查證件作業及事先安排集中檢疫所，避免在機場群聚。|https://www.setn.com/News.aspx?NewsID=979279&utm_source=setn.com&utm_medium=viewall&utm_campaign=viewallnews|2021-08-08|
6_20210808_19|救災英雄無懼風雨 賴：像父親的守護|政治|今（8）日是父親節，因應熱帶性低氣壓及西南氣流所帶來的豪雨侵襲全台，不少救災人員仍堅守岡位，無法和家人團聚。對此，副總統賴清德盛讚，他們就像父親的守護，讓人安心更令人心懷感激，「想對所有的爸爸們說聲：謝謝，辛苦了！期盼雨過天晴、一切平安！」 賴清德指出，救災人員守護國人，就像父親讓人安心、更令人心懷感激。賴清德稍早在臉書寫道，「今天是父親節，仍有許多朋友仍堅守在崗位上。這兩天，在大雨之中，有些救災、防疫、醫療人員們，已身為人父，但因為職責所在，無法和家人團聚，讓他們穿戴起裝備，在風雨中穿梭，維護安全、守護國人」。賴清德表示，「這種不分日夜、無懼風雨的堅定與執著，就像父親的守護，讓人安心更令人心懷感激。想對所有的爸爸們說聲：謝謝，辛苦了！期盼雨過天晴、一切平安！」 蔡英文感謝所有犧牲假期、全力執行防救災工作的人員。此外，總統蔡英文今日一早就前往中央災害應變中心視察，除瞭解目前災情及各相關單位應變情形，也做出裁示請各單位全力執行，並肯定所有工作同仁堅守崗位，執行各項防災工作。蔡英文表示，根據氣象預報，目前雨勢雖然稍微緩和，但我們依然不能掉以輕心。請住在沿海低窪地區和山區的朋友，都要特別小心安全。蔡英文也強調，今天是父親節，再次謝謝所有犧牲假期、全力執行防救災工作的人員。不論是在進駐應變中心，或是冒著雨勢在各地救災、搶通路段、抽水排水、搶修水電的同仁，以及國軍和警消弟兄姊妹，大家都辛苦了。 |https://www.setn.com/News.aspx?NewsID=979246&utm_source=setn.com&utm_medium=viewall&utm_campaign=viewallnews|2021-08-08|
6_20210808_20|暴雨農損1.8億 小英視察災變中心|政治|熱帶性低氣壓及西南氣流所帶來的豪雨侵襲全台，總統蔡英文今（8）日一早前往中央災害應變中心視察，並指出這次豪大雨已經造成多個縣市農損嚴重，損失已超過1.8億，農委會明天將公布雲林以南各縣市符合天然災害現金救助標準，後續的救助金發放也務必把握從優、從速、從簡原則。 蔡英文指示，救助金發放務必把握從優、從速、從簡原則。蔡英文抵達後，首先聽取由國家災害防救科技中心所做情資研判報告、經濟部水災應變綜整報告及農委會農林漁牧應變報告。蔡英文致詞時表示，稍早聽到各單位的簡報，可以注意到這次雖然不是典型的颱風，但這樣的熱帶性低氣壓外圍環流，再加上西南氣流，已經對各地帶來一定的災情。今天的雨勢規模雖會減緩，但她有幾點提醒。蔡英文指出，第一，在交通運輸的部分，昨天高鐵苗栗至臺中路段，因為大雨造成邊坡土石滑動，影響通行，經過搶救，在今天清晨，高鐵已經恢復單線雙向通行，也請交通部持續努力，盡快恢復雙線通行，但要注意施工人員安全問題。蔡英文也特別提醒，豪大雨及地震過後，山坡地仍不穩定，請交通部持續掌握臺鐵、高鐵、公路等沿線邊坡的安全監測，都要提早因應，必要時進行預警性封閉。如果有道路、橋梁不通，鐵路、海運延誤或停駛的訊息，也要利用各種管道提早讓民眾了解，並盡速恢復。 蔡英文提醒，豪大雨及地震過後，山坡地仍不穩定，請交通部持續掌握。在農損的部分，蔡英文表示，這次豪大雨已經造成多個縣市農損嚴重，損失已超過1.8億。剛剛農委會也已經報告，明天就會公布雲林以南各縣市符合天然災害現金救助標準，後續的救助金發放也務必把握從優、從速、從簡原則。另外，也請農委會及經濟部掌握民生物資相關準備，同時防範蔬果價格波動，調配農產供銷，穩定民生物價。蔡英文說，在防救災與穩定民生用水的部分，目前仍有零星低窪地區有積淹水的情況，請經濟部和地方政府水利單位保持密切連繫，全力支援災害搶救，加速機具調度跟抽排水工作。另外，很多水庫正進行調節性放流，請經濟部加強督導、落實預警，持續提醒下游民眾提高警覺。同時，因為降雨很多，水源濁度提高，請預先準備，努力維持民生供水正常穩定。蔡英文也提到，除了淹水，也要特別注意土石流。在發布土石流警戒地區的撤離、收容和安置方面，都在進行當中，也請內政部及各縣市政府合作，收容場所務必依防疫指引，來安排民眾的收容安置。災後也提供民眾返家的協助。▼ 蔡英文強調，中央地方各級政府通力合作，才能面對新的全球性氣候挑戰。蔡英文強調，面對氣候變遷的全球性影響，世界各國都已頻繁發生極端降雨淹水事件。這次的熱帶性低壓造成災害，也提醒我們必須持續正視問題。她要請行政院以跨部會的能量，從籌措資源、研擬方案到貫徹執行，都需要中央地方各級政府通力合作，才能面對新的全球性氣候挑戰。另外，我們這幾年來對治水的努力，在這次災害當中，對降低災害的成效，也要對外界做出適當說明。最後，蔡英文表示，今天是父親節，她要特別感謝所有工作同仁，在這個時候堅守崗位，全力執行各項防災工作。不論是在指揮中心或是冒著雨勢在救災、搶通路段、抽水排水、搶修水電的同仁，都請一定要注意自身安全。非常感謝大家齊心努力，一起來確保民眾生命財產安全，守護家園。「謝謝大家，也祝大家父親節快樂」。包含指揮官經濟部長王美花、內政部長徐國勇、衛福部長陳時中、原民會主委夷將‧拔路兒Icyang‧Parod、教育部長潘文忠、環保署長張子敬、副指揮官內政部次長花敬群及農委會副主委陳添壽等也在座。 |https://www.setn.com/News.aspx?NewsID=979270&utm_source=setn.com&utm_medium=viewall&utm_campaign=viewallnews|2021-08-08|
6_20210808_21|父親節 蔣萬安曬二寶推「奶爸奧運」|政治| ，面對今（8）日是父親節、也是東京奧運閉幕式的日子，他也在臉書推出「2021奶爸奧運，換我上場」影片，呈現他熟練地換尿布、餵奶、哄睡覺等「奶爸鐵人三項」，同時表示，今天就讓我們為所有的金牌老爸們喝采，祝爸爸們父親節快樂。「2021奶爸奧運，換我上場」影片。蔣萬安在臉書發文指出，今年的父親節很特別，他懷中抱著愛笑的二寶，更是再度捲起袖子當起「全能奶爸」，無論是換尿布、餵奶，還是哄睡覺，隔了這麼多年，動作略顯生疏但已漸入佳境。曬baby也是不能遺漏的技能之一。蔣萬安並指出，今天是東京奧運的閉幕式。兩個禮拜以來，我們看著選手在賽場上努力拼搏，讓世界看見台灣；對爸爸們來說，每天也是站在人生的賽道上，為一家大小的幸福全力衝刺！有時只要看著孩子天真的笑容，再累也都值得。他提及，面對疫情挑戰，在外打拚也變得更不容易，今天就讓我們為所有的金牌老爸們喝采，祝爸爸們父親節快樂。|https://www.setn.com/News.aspx?NewsID=979266&utm_source=setn.com&utm_medium=viewall&utm_campaign=viewallnews|2021-08-08|
6_20210808_22|兒子一句「父親節快樂」讓黃珊珊感嘆|政治|北市副市長黃珊珊今日一早在臉書祝大家父親節快樂，她除了提及自己的父親以外，也透露成為單親媽媽後，兒子有次跟她說父親節快樂，還說「父親節應該是我的節日，突然覺得兒子特別懂事，哈哈！」，兒子有次跟她說父親節快樂。黃珊珊今日在臉書祝大家父親節快樂，並說自己當警察的父親，因為工作時間長，很多人都錯過小孩的成長，加上家裡兄姐都比她大十幾歲，總覺得從小有四、五個爸爸管，每個都可以管她，常覺得自己有四五個爸爸管，所以常常叛逆不想被人管。不過等到自己當了母親後，才知道爸爸媽媽有多難當，黃珊珊透露，成為單親媽媽以後，有一次兒子跟她說「父親節快樂」，他知道母兼父職的單親媽媽更辛苦，要扛家計還要照顧孩子，雖然他還是很介意別人的眼光，也會偶而難過，但是他說父親節應該是我的節日，兒子的一句話讓黃珊珊很是欣慰「突然覺得他特別懂事，哈哈！」最後黃珊珊提到，現在她已經沒有機會直接面對爸爸說話，只能每年到廟裡為父親燒庫錢、到五指山軍人公墓去跟父親聊聊天，每一位爸爸都很愛孩子，但很難像母親一樣完整表達對孩子的愛，其實應該是孩子要及時表達對父母親的愛，「爸爸在天上，也會一樣眷顧我們一家人，祝大家父親節快樂！」|https://www.setn.com/News.aspx?NewsID=979268&utm_source=setn.com&utm_medium=viewall&utm_campaign=viewallnews|2021-08-08|
6_20210808_23|追憶父親 陳水扁曝這項遺憾|政治|今（8）日是父親節，前總統陳水扁也在臉書發文憶父親。他表示，扁爸勞碌一生，終其一甲子的人生，看到阿扁因蓬萊島案入獄，卻等不及看到他選上立委、市長、總統就病逝。。陳水扁今日在臉書PO出一張1979年的老照片。他提及，當時陳致中不到1歲，曾送回西庄老家給阿公阿嬤帶。照片中，扁爸背著陳致中，剛好扁妹帶著一對兒女回娘家，留下阿公真辛苦的畫面。陳水扁指出，扁爸勞碌一生，耕種1分7厘地的佃農，寅吃卯糧，只能做地主的長工養家餬口，終其一甲子的人生，看到阿扁因蓬萊島案入獄，等不及阿扁選上立委、市長、總統，就積勞成疾病逝。陳水扁並出，今年父親節，適逢年初扁媽的離世，扁爸生前形影彷如昨日。他並恭祝偉大的爸爸們，父親佳節快樂。|https://www.setn.com/News.aspx?NewsID=979238&utm_source=setn.com&utm_medium=viewall&utm_campaign=viewallnews|2021-08-08|
6_20210808_24|新／虎林攤商確診 家人PCR結果曝|政治|北市府昨（7）日公布案15874足跡，根據疫調顯示，案15874在8月6日確診，初判可能感染源尚待釐清，個案應為虎林市場賣雞肉的攤商，其工作場域已進行清消，8月7日到8月9日封攤3天；個案曾到過的城隍廟已進行清消，8月7日停止對外開放1天。而北市府今日進一步說明，案15874匡列家人8人PCR均為陰性，攤商原造冊18人，增加6人，現造冊24人，目前已採檢9位陰性，其餘續安排追蹤。據北市衛生局疫調，案15874在8月3、4、5日的早上6點到11點，8月6日的早上6點到7點，足跡停留在信義區的虎林市場，研判應為市場攤商。另外，該案也在8月4日上午11點30分到40分時，短暫到訪台北府城隍廟。副市長黃珊珊昨日指出，案15874其實已在7月份打完疫苗，並在上個月1日、2日、8日、14日、21日都在新北家禽市場批貨，也做了5次PCR檢測，之前檢測出來都沒狀況。8月5日按原例每周都做篩檢因而測出陽性，CT值為32。北市府今日進一步說明，案15874匡列家人8人PCR均為陰性，攤商原造冊18人，增加6人，現造冊24人，目前已採檢9位陰性，其餘續安排追蹤。|https://www.setn.com/News.aspx?NewsID=979243&utm_source=setn.com&utm_medium=viewall&utm_campaign=viewallnews|2021-08-08|
6_20210808_25|馬祖芹壁村遭沖毀 國軍緊急出動救災|政治|受盧碧颱風減弱的熱帶性低氣壓影響，馬祖出現強降雨，各地土石坍方、淹水災情不斷，其中北竿芹壁村不少民宅、車輛遭沖毀，是歷年最嚴重災情。對此，陸軍馬祖防衛指揮部配合地方政府災防應變中心，完成一級開設及連絡官派遣，並統一調度兵力協助救災。▼ 馬防部調度兵力協助救災，盼民眾早日恢復家園及正常生活。此次熱帶低壓（原盧碧颱風），帶來的日雨量已打破歷史紀錄，自8月7日凌晨12時，到7日上午8時，共累積166.5mm雨量，而過去最嚴重災情，為2004年的155mm降雨量。馬防部表示，7日上午首先編組救災兵力916員，並完成海龍艇3艘、發電機43臺、抽水機19臺及中型戰術輪車等機具整備，期隨時支援救災任務。因應馬祖各地區陸續傳出災情，馬防部下午先期派遣兵力50員，徒步前往北竿鄉塘岐村、芹壁村等2處，投入道路清淤、環境清理等災後復原工作，秉持「苦民所苦、急民所需」精神，協力地方政府，讓民眾早日恢復家園及正常生活。 李問指出，有民眾質疑芹壁村是否過度開發、忽略水土保持，或未確實興建擋土牆。此外，民進黨連江縣黨部主委李問指出，馬祖最嚴重的災情在北竿鄉芹壁村，出現重大土石坍方災情。相信馬祖鄉親看到芹壁村中山國中旁的停車場崩落，都感到震驚與心痛。同時，也必須關注中山國中的安全性問題。教師辦公室已經出現地基外露、甚至「騰空」的情形。李問也透露，風災過後，也有許多朋友質疑，北竿芹壁是否有過度開發、忽略水土保持，或未確實興建擋土牆。另外，對於因為風災財務受損的民眾（例如停車場滾下山的車輛），財物是否能進行賠償，也會是民眾所關心的問題。 |https://www.setn.com/News.aspx?NewsID=979237&utm_source=setn.com&utm_medium=viewall&utm_campaign=viewallnews|2021-08-08|
6_20210808_26|法國逾23萬人抗議「健康通行證」|政治|國際中心／綜合報導國際COVID-19疫情仍持續延燒，雖然歐美各國陸續施打疫苗，但仍抵不住來勢洶洶Delta病毒。法國日前針對已完全接種疫苗、篩檢陰性及COVID-19康復者發行健康通行證，政策即將在9日生效。不過法國民眾不滿進入咖啡廳或搭乘市際列車等須持健康通行證，逾23萬人連續第4個週末在法國各地上街抗議，這也是迄今最大規模的反健康通行證示威抗議。，政策即將在9日生效。（圖／翻攝自Scott Morrison臉書）據《法新社》報導，法國總統馬克宏（Emmanuel Macron）大力推動的這項措施，強制規定必須完整接種COVID-19疫苗、檢驗陰性或最近染疫康復，才能從事眾多日常活動。面臨明年爭取連任壓力的馬克宏，希望藉由鼓勵全民接種疫苗，從而擊敗COVID-19病毒以及快速擴散的Delta病毒。該項政策即將在9日施行，進入咖啡廳及餐廳，搭乘特定大眾運輸工具，包括高鐵和國內航班及在特定情況下進入醫院都需要健康通行證，電影院及音樂廳等娛樂場所也適用此規定。抗議者7日下午在巴黎示威活動，警方全身鎮暴裝備嚴陣以待。巴黎預計還會再舉辦3場集會，另外還有數10場街頭抗議活動會在其他城市舉行。大部分示威抗議都是和平進行，不過法國內政部表示，全國各地仍有35人被捕，維安部隊有7人受輕傷。此外，法國各地約23萬7000人在上街抗議，包括巴黎有1萬7000人，超越上週末的20萬4000人，正值暑假高峰期間抗議人數多得不尋常。雖然據民意調查結果顯示，大部分法國人支持健康通行證，但反對者認為這項規定侵犯了公民自由，而法國是高度尊重個人自由的國家，這其中也隱含強制接種疫苗的要求。而在地中海沿岸的法國東南部普羅旺斯-阿爾卑斯-蔚藍海岸大區（Provence-Alpes-Côte d'Azur），包括土倫 (Toulon）、尼斯（Nice）和馬賽（Marseille）等城市，至少3萬7000人走上街頭，高呼「健康通行證意味自由死亡」等口號。|https://www.setn.com/News.aspx?NewsID=979236&utm_source=setn.com&utm_medium=viewall&utm_campaign=viewallnews|2021-08-08|
6_20210808_27|全紅嬋跳水奪金爆紅 她嘆這事揭現實|政治|中國14歲少女全紅嬋，在8/5以破世界紀錄高分，拿下本屆東京奧運女子跳水10公尺跳台項目金牌。她奪金牌後，引起廣大關注。財經網美胡采蘋感嘆，像全虹嬋這樣的孩子並不罕見，「我在北京認識太多這樣出身的人了，都是掙扎著生活才有一席之地，一人背著一大家子」。。她的貧窮、苦練與率真，賺人熱淚，也令中共黨國的主旋律相形尷尬。全紅嬋在賽後接受採訪時，其實沒有感謝國家與教練，而是率真地說想賺錢回家給媽媽治病「我媽媽生病了，可是我不知道那個字怎麼讀，不知道她得的什麼病，然後就很想賺錢，回去給她治病，得賺很多錢，然後治好她……」。率真的發言引起關注。中國各大媒體盛大報導全紅嬋奪金的喜訊，除主流媒體外，在微博、騰訊等平台近乎「洗版」，有大批網紅衝到她的老家直播、合照、送禮等，原本的善意也因為人潮過多、亂象叢生。全紅嬋的家門前猶如聖地一般，除鮮少見面的遠親外，甚至連有沒有親戚關係都無法確定的人也跑來「認親」，讓全紅嬋母親不禁坦言「自從嫁過來之後，從來不知道家裡有這麼多親戚啊，還有拿著醫療箱跑來。」胡采蘋則在臉書「Emmy追劇時間」發文敢嘆，像全紅嬋這樣的孩子並不罕見，「我在北京認識太多這樣出身的人了，都是掙扎著生活才有一席之地，一人背著一大家子」。全紅嬋都還是廣東人，廣東是中國前幾名富省，福利、醫療、資源都是全國最佳，那就不要說北方省份的孩子，窮的更多，那還有西北的、大山裡的，就是北京郊區也有一大堆這種家庭。胡采蘋說，所以她從來不會被GDP迷惑，「我認識的人裡面太多這種孩子了，說出來都是一把鼻涕一把淚。人還是要珍惜自己的幸福日子才好」。 |https://www.setn.com/News.aspx?NewsID=979234&utm_source=setn.com&utm_medium=viewall&utm_campaign=viewallnews|2021-08-08|
6_20210808_28|悲傷父親節 大律師陳玲玉爸爸過世|政治|父親節前夕，主辦過台灣高鐵、機場捷運、國泰、富邦、台積電等重大案件的國際知名律師陳玲玉，她的父親前總統府顧問、國泰信託執行副總陳土根以97歲高齡過世。陳玲玉忍住悲傷，書寫一篇「爸爸的抽屜」回憶父親一生對子女「不教也不叫」的教育、與對朋友重情的真實人生。字裡行間藏著深深思念與不捨。世間形體會消逝，但父女深情永佇陳玲玉心頭。 。  。  爸爸的抽屜—永懷慈父陳土根一、幾天前的一個午後，我走進爸爸的房間，坐在他的書桌前，輕輕地打開他的抽屜。二、首先出現在我眼前的是好幾本通訊錄，以及好幾個名片盒。每個盒子裏面放著顯然已經詳為分類的朋友名片，國泰的、台新的、彰銀的、台中商銀的、聯誼會的、日本商社的……。珍藏在名片裏的友情，想必是爸爸此生最重視的資產吧！懂事以來，我不只一次聽到爸爸愉快地向朋友以台語說：「我的一生賺溜溜，開溜溜，剩下一群好朋友。留遺產給兒女，不如留朋友給他們」。三、爸爸的名片，也訴說著來自南投縣集集鎮深山裡一個默默無聞的小男孩，勤勉上進，白手起家的創業事蹟。從民國卅七年任職於《全民日報》出納股長、副主任、經理，《聯合報》副總經理，台中區合會儲蓄公司（即目前之「台中商銀」）副理、經理，國泰人壽副總經理、籌設國泰信託並擔任執行副總，健健美、蘋果西打與 7-up 公司董事長，數家上市公司的董事、監察人，行政院政務顧問、總統府顧問。  陳玲玉父親-前國策顧問陳土根的名片有故事。 一張張的名片，表彰了他無須出資卻屢膺重託的榮耀，也細數著爸爸為子女而耗盡的青春與歲月。四、打開其中一盒印製著「陳土根」的名片。在每張名片背面，爸爸用細小而工整的字體，親筆寫下他受邀為數十人婚禮致詞的台語佳話：(1) 文明世界、自由戀愛，男婚女嫁最應該。(2) 良時吉日歡喜作堆，雙雙對對萬年富貴。(3) 新郎新娘真同心，建家立業大振興。勤儉儲蓄是根本，榮華富貴子傳孫。2另有一張名片的背面，寫著他規律的生活：每週二、四、六、日，4:30─點心、5:00─散步、5:30─洗澡、6:30─晚餐。還有一張寫著他以台語自勉的養生之道：「凡事要想通，身體就健康；身體要健康，腹內就要空。養生有道，傳家有方。家庭和氣，財運隆通」。  陳玲玉父親-前國策顧問陳土根的名片有故事。 五、爸爸的書桌，是二十多年前我為他的書房特別量身訂製的。我的第一張書桌，則是小學五年級時，爸爸為我特別向當時台中市最負盛名的「秋金家具店」訂作的上品。弟妹們也都在稍長之後，享有和我同樣的書桌。那張書桌，伴隨著我考進台中女中、台大法律系、台大法律研究所、通過律師高考、完成台大碩士論文。 -前國策顧問陳土根的「書桌」無聲鼓勵子女讀書。（圖／翻攝自「家門」） 爸爸的名言是：「管夫教子是太太的責任。養不教，母之過」。爸爸從不「教」也不「叫」我們姊弟唸書。但他在賃屋而居的環境下，豪氣購買的精品書桌，卻默默地傳達著他那股「萬般皆下品，唯有讀書高」的「頑固」心意，引導我們姊弟自動自發地用功讀書！在我為慶祝爸爸 80 大壽而出版的《家門》一書中，監察院前院長錢復在序文中寫著：「這位壽星和先父有相似之處，那就是他的身教遠重於言教。我自父親所獲得的寶貴教誨，實在是他從未開口說過的話，但是對我卻有終生不渝的影響。我深信玲玉一定也有相同的感受。」爸爸對子女不但全無管教，甚至完全放任、十足開明。在我的結婚禮堂所懸掛的喜幛，左聯「戀愛自由」、右聯「結婚神聖」、橫批「美滿姻緣、幸福人生」，正是爸爸的傑作，也是他給三雄和我的祝福。六、每個胎兒出生時，都被剪斷了臍帶。「病床」，是後天的臍帶，連結起爸爸與我的心靈。高二下學期我患了「傷寒」法定傳染病，為免被送到公立醫院隔離，爸爸說服了醫師，將我悄悄從台中帶到彰化縣田中鎮的私人醫院。在我住院的日子裡，爸爸每天從台中搭乘一個多小時的車程前來田中看我，和我道了晚安之後，披星戴月搭車回台中，二十三天未曾間斷。他那行色倉皇、來去匆匆的身影，我不曾或忘。大學聯考志在台大，爸爸不捨我住校，舉家搬遷台北。大學四年級，我敗給了肝炎病毒。在長達一年的休學期間，我始終是爸爸日以繼夜的牽掛。原來，建構我健康人生的基石，一塊塊都是爸爸以「陪伴與付出」所砌成的深愛！七、爸爸抽屜的最下方，放著二個看來特別重要而以塑膠透明夾保存的文件。我打開…第一個透明夾，是一張已經泛黃、在「經濟日報社便箋」上用手親簽的「借據」正本，借款人是吳○○，借款金額新台幣 6 萬元，民國 62 年 11 月 30 日。我回想起唸大學時，爸爸曾向我提起，借款人是他剛踏入社會時對他照顧有加的上司，所以不會請他還錢。第二個透明夾內，是一張 300 萬元的支票正本，發票日期民國 74 年元月 31 日，發票人是當時經營觸礁的企業名人蔡○○。猶記當年爸爸收到支票時告訴我，雖然費心協助朋友渡過難關，但是這種禮不能收。留下支票，只是為了讓朋友心安。48 年前的借據、36 年前的支票，默默承載的是，爸爸的仁厚與善念！八、我拿出抽屜內的全部名片與文件，連同爸爸給我的無言身教與山高海深的慈愛，小心翼翼存放入我的檔案盒中！九、輕輕地，我把抽屜推進書桌內，彷彿收藏了爸爸的一生。陳玲玉律師說，父親在110 年 7 月 17 日上午睡眠中壽終正寢，享年 97 歲。因為COVID-19 疫情，四姊弟決定不發訃聞也不辦公祭，已在 8 月 2 日下午吉時，讓爸爸和鶼鰈情深的媽媽相聚。十一、「滿懷愛心、珍視親友、努力不懈、知足常樂」，這是爸爸最令人深刻的人生寫照，也是爸爸的子孫們必將終生學習的人格特質。 。   1987陳玲玉主導國際通商法律事務所合併第一聯合律師事務所，父親帶著母親丶女兒小凡出席慶祝酒會。 陳玲玉的生命樂章 為慶祝爸爸 80 大壽出版的《家門》「家門內充滿愛，家門外才能充滿希望。」書桌篇-描述陳爸爸與陳媽媽對陳玲玉姊弟們的愛與期待...爸爸從不「教」我們姊弟唸書，更從不「叫」我們用功讀書。然而。他苦心購買的書桌，卻默不作聲地傳達著他那股執著於「萬般皆下品。唯有讀書高」的「頑固」心意。童年令我最感缺憾的是家的大門。可是，家裡的書桌卻又讓我感到相當自豪。剛上小學、我並沒有書桌。記憶裡，我都是在日式榻榻米上的矮矮餐桌上寫功課。不曾學過ㄅㄆㄇ的媽媽，則喜歡跪坐在我身旁，一邊看著《國語日報》學中文，一邊陪著我做功課。　媽媽總是在我做完功課之後，要我依照明天的課表，把明天上課用的書，按著日課表的順序排好，放進書包裡。不是明天上課用的課本和作業簿，就放在家中的　抽屜內，以免書包太重。藉著這樣的書包整理，我也同時確認了明天要交的作業，　都已妥當地擺進書包裡。　沒想到的是，我七歲時媽媽在書桌旁教我「整理書包」的方式，直到今天竟還深深地影響著我。雖然我已成為律師事務所的負責人，每天仍然把未完成的文件分類放進公事包，帶回家。夜晚加班臨睡前，我也會慣性地把第二天所需的文件，井然有序地放進我的公事包。撫今思昔，遙想小學時候的「書包」，回顧身旁的律師「公事包」，不覺莞爾。而母親對我的付出，則深深溫暖我心。小學五年級，爸爸為我訂製了一張書桌。我不懂桌子的質料，卻知道那書桌是向台中市當時最負盛名的「秋金家具店訂做」的，而且是店中的上品。後來，弟妹也都在稍長之後，享有和我同樣的書桌。我們四姊弟都習慣在放學之後，迫不急待的聚集在書房裡做功課。尤其喜歡晚飯後，四個人一起坐在雙雙併排的書桌前唸書。也喜歡在唸書後，一起在書房裡嗑瓜子、聊天。我們的學業就是這樣一天一天地在書桌前完成，而我們姊弟之間的感情，也是在書桌前自然而然地成長增進。  陳玲玉父親-前國策顧問陳土根的「書桌」無聲鼓勵子女讀書。（圖／翻攝自「家門」） 始終是小學五年級的那張書桌，伴著我以班上第一名的成績畢業於台中師專附小，考進台中女中初中部，直升台中女中高中部，更陪我以第一志願第二名考進台大法律系、以第一名成績考進台大法律研究所。也是同樣那張早已陳舊卻仍硬朗的書桌，忠實又體貼地伴著我通過律師高等考試、完成台大碩士論文。　一般人也許會覺得奇怪，為什麼在一個連大門都沒有的家裡，卻購置那麼昂貴　堅實的書桌給小孩子使用？小時候少不經事，當然不解其意。即長终於明白，爸爸從不「教」我們姊弟唸書，更從不「叫」我們用功讀書。然而，他苦心購買的書桌，卻默不作聲地傳達著他那股執著於「萬般皆下品，唯有讀書高」的「頑固」心意。大概是因為在「沒有大門」的缺憾下，卻能擁有也許連富家子弟都沒有的高級書桌，才讓我更能由衷體會爸爸的用心與愛意，而自動自發的勤勉唸書吧！ -前國策顧問陳土根的「書桌」無聲鼓勵子女讀書。 （圖／翻攝自「家門」）  、媽媽散步。 本文採訪與摘自典藏出版之《家門》|https://www.setn.com/News.aspx?NewsID=978740&utm_source=setn.com&utm_medium=viewall&utm_campaign=viewallnews|2021-08-08|
6_20210808_29|趁大雨噴政治口水 許智傑問爆朱立倫|政治|這幾天中南部遭豪雨強灌，國民黨主席參選人朱立倫在臉書貼照發文稱，高雄大雨，造成天坑再現！「還韓國瑜公道者，必陳其邁。願高雄人民一切安好，高雄，一定會再放晴！」云云，對此，高雄在地的民進黨籍立委「高雄小金剛」許智傑秒打臉朱立倫，「您除了消費高雄，您為高雄貢獻了什麼呢？」，高雄大雨，造成天坑再現，引發議論朱立倫昨（7）天搶在高雄民眾飽受豪雨侵襲時，在臉書貼照發文直指高雄大雨，造成天坑再現！讓大家十分懷念韓市府團隊與李四川副市長。「路平燈亮水溝通」，不是口號，「李四川到高雄後，劍及履及改善，讓高雄市民對這句話朗朗上口，成為對川伯的肯定」。朱立倫批評，如今一場大雨，沖垮了民進黨政府在高雄的表面治績，沖出了要「殺頭」公務員的傲慢長官、也沖破了當年號稱Care高雄的那些側翼網軍的面具，並非為高雄人民發聲，實際上只是黨同伐異的政治工具。「還韓國瑜公道者，必陳其邁。願高雄人民一切安好，高雄，一定會再放晴！」對此，許智傑昨天深夜發文，想5問朱立倫：請問您臉書PO的照片是在哪個路段，您知道嗎？請問造成這麼大崩裂狀況原因為何，您知道嗎？請問後續誰去處理？如何處理修復，您知道嗎？請問朱立倫候選人，您對高雄了解了多少？最後想問您除了消費高雄，您為高雄貢獻了什麼呢？這些問題只有我們在地的民代才知道。許智傑說明，圖片是我們鳳山中崙國中後面巷道，因連日雨水沖刷導致的崩塌情況。「8/6第一時間智傑團隊就到場處理，同行還有我們鳳山在地不分黨派的市議員們，大家都積極協調處理解決問題」。他指出，過去高雄也曾發生沿海路的天坑事件，對一天車流量近2000輛次的沿海路與周遭居民而言，的確受到了非常大的影響，很感謝過去時任副市長的李四川，積極以最迅速的方式解決坑洞問題，解決市民最迫切遭遇的困難。許智傑指出，。近日連續好幾日強降雨，南台灣不斷發生爆雨災情，沒有人能預先就知道哪個路段，會因強降雨而產生凹陷或崩塌；然而市府卻在第一時間就請林欽榮副市長、水利局、養工處等單位以最迅速方式處理，高雄在地民代也在前線聯繫了解狀況，這才是為民服務的父母官、政治人物該有的作為。許智傑說，朱立倫為了自己黨主席選舉，不需要在臉書拿一張高雄的照片就製造藍綠對立，更何況圖中確切位置說不定您也不曉得在哪裡，大家都因雨季造成的狀況而忙碌辛苦時，希望您不該只知道製造對立，而該思考您未來若有幸領導中國國民黨，能夠為台灣做出什麼改變？許智傑強調，民眾需要的很簡單，就是當需要幫助時，民代能夠適時地扶一把！最後他要強調：「陳其邁會做事比朱立倫會說話來的更有意義」，與您共勉之。 |https://www.setn.com/News.aspx?NewsID=979226&utm_source=setn.com&utm_medium=viewall&utm_campaign=viewallnews|2021-08-08|
6_20210808_30|蔡英文吹箭逼人打高端？他驚：假消息|政治|指揮中心規劃第6輪開打國產的高端疫苗，預計8月下旬就打得到；不料，網路上竟謠傳總統蔡英文將用「吹箭」，逼人民施打高端疫苗。對此，民進黨立委王定宇直呼，「藍營、韓粉是以為打疫苗跟在非洲打獵一樣嗎？無法理解的假消息！」 網友謠傳蔡英文將以「吹箭」的方式，逼人民施打高端疫苗。（示意圖／翻攝自Pixabay、蔡英文臉書）針對政府的疫苗施打規劃，有網友開玩笑稱，「我爸媽每次在那裡跟我姐說，她以後可能會被強迫打高端，我都在想，蔡英文是會派海豹部隊來我家嗎」，另一人則KUSO回應「好好笑，可能用吹箭吧，走在路上突然被射中」。這段對話也被轉傳到其他的LINE群組，沒想到竟有人相信、還警告群組成員，「已有傳言，蔡政府打算用吹箭強制人民打高端，請大家保護好自己的脖子跟手臂」。 王定宇語帶無奈地說，現在造謠已經是超越聊齋的等級，無法理解的假消息。對此，王定宇在臉書上表示，「韓粉社團群組說，蔡政府打算用吹箭強迫民眾打高端！以為打疫苗跟在非洲打獵一樣嗎？以前造謠至少還要有一分真，九分假，基本的邏輯也要顧著」。王定宇直言，現在造謠已經是超越聊齋的等級，無法理解的假消息，真的擔憂這些人的身心狀況。台灣基進黨主席陳奕齊也透過臉書指出，「有沒有這麼無腦與低智啊，什麼蔡政府要用吹箭射人民強迫注射高端疫苗，這種腦殘智障的話都可以說出來，如果這樣還有人信，我真的沒法接受」。 |https://www.setn.com/News.aspx?NewsID=979215&utm_source=setn.com&utm_medium=viewall&utm_campaign=viewallnews|2021-08-08|
6_20210808_31|馬英九PO舊照憶父親 網驚神複製|政治|今（8）日是父親節，前總統馬英九在臉書貼出一張66前，全家合影的老照片。照片中，除了馬英九已過世的父母親外，還有三位姊姊與馬英九，當時5歲的馬英九抿嘴巴，模樣相當可愛。但照片po出後，許多網友驚呼，馬英九與父親的模樣實在太像了，根本是神複製。。馬英九在臉書發文表示，二姊寄來這張66年前的老照片，爸媽當年都是35歲，我5歲。馬英九指出，他的爸爸是湖南人，大學時代是學生自治會總幹事，也是運動選手。和他媽媽是重慶南溫泉中央政治學校（今政大）的同窗。兩人在校時就是情侶，畢業後結婚，32歲就生了5個子女。民國44年，他的爸爸在陽明山革命實踐研究院受訓，媽媽帶4個子女去探班，留下這張照片。馬英九並指出，過去十多年，爸媽都走了。「子欲養而親不待」，孝親要及時。今天是父親節，大家防疫之餘，不要忘記感謝父親養育之恩，當面或視訊、電話跟爸爸說：「謝謝您，辛苦了，父親節快樂！」|https://www.setn.com/News.aspx?NewsID=979212&utm_source=setn.com&utm_medium=viewall&utm_campaign=viewallnews|2021-08-08|
6_20210808_32|好消息！10萬劑自購莫德納下午抵台|政治|政治中心／林奇樺報導政府採購的10萬劑莫德納疫苗，於今日凌晨自盧森堡起飛，行政院長蘇貞昌也在臉書表示，「預計下午三點多抵達桃園機場」。。(圖／翻攝自蘇貞昌臉書)蘇貞昌今（8）日稍早在臉書發文表示，在全球疫苗供貨不穩，周邊國家變種病毒疫情逐漸升溫下，台灣疫苗覆蓋率自5月16日不到1％，現在已超過910萬人施打疫苗，涵蓋率達到36.88%；而本土確診人數也從每日五百多例，迅速降低至兩位數，甚至個位數。政府會持續努力加速疫苗出貨進度，同時確實做好各項防疫工作，讓國內儘快恢復正常生活。蘇貞昌昨日受訪時指出，2個月前疫情在時升溫時，國人都很緊張，可是這2個多月以來，在國人、地方政府及中央政府密切配合下，大家依照防疫規範，比起周邊國家，疫情已經穩定控制，同時疫苗覆蓋率也提升，在亞洲算是名列前茅。他強調，做好防疫的各種工作，才能保護自己、家人、社會國家，而對於疫苗議題，他指出全世界都在搶疫苗，都有疫苗不足的情形，呼籲國人依照次序、規範，「輪到你就來打」，做好防疫工作和打疫苗，才可以讓台灣度過這一關。|https://www.setn.com/News.aspx?NewsID=979199&utm_source=setn.com&utm_medium=viewall&utm_campaign=viewallnews|2021-08-08|
6_20210808_33|連80多夜開會！阿中辦公室都資料|政治|生活中心／林奇樺報導我國新冠肺炎本土疫情自5月份升溫後，在全台國人的配合下，不到3個月已經趨緩，甚至外媒更直指台灣的防疫成就值得被研究！幕前幕後的最大功臣就是中央流行疫情指揮中心，而醫福會執行長王必勝昨（7）日晚間曝光了防疫團隊80多天以來，每天召開夜間會議的辦公室畫面，只見眾人背後的牆上貼滿了疫情資訊，而陳時中的桌上更是堆著一疊又一疊的資料。王必勝也表示，這兩天因為適逢父親節，陳時中也宣布暫停了2天的夜間會議，讓他也忍不住笑說：「不太習慣！」，只見牆壁上貼滿資料，辦公桌上也是一疊又一疊的資料。王必勝昨日晚間發文指出，自5月中以來，面臨了首波的社區大流行，經過前3週的衝擊，後面9週疫情持續緩和下降，迄今已屬於穩定的低度流行，大家的生活也算稍微恢復正常。他也坦言社區大流行後很難清零，所以學習與病毒共存，在儘量維持正常生活下還要隨時提高警覺持續防疫，變成大家必須學習的日常。他也表示，當然希望疫情不要再起，但更重要的是「疫情再來時我們能及早發現防堵，這有賴政府和所有國民一起合作」。王必勝表示，即便台灣經過這次洗禮，仍是在世界上防疫工作成效相當不錯的國家，他指出成功的防疫無非就是確診儘量少、疫苗覆蓋率儘量高、高強度管制時間儘量短，而台灣目前每百萬人口確診數排名世界179，算是確診數最少的一些國家之一，而疫苗覆蓋率也在兩個多月中從個位數衝到36.8%，也持續增加中，這次疫情爆發並未封城，三級警戒72天，相較很多國家算影響民生經濟是比較小的，「這些都是國人一起努力拚出來的，當然不能以此為自滿，但也不須妄自菲薄，要以自信、謹慎的態度，再面對未來的挑戰」。王必勝也透露，這80幾天以來，指揮中心團隊幾乎每天從早上戰到深夜，每晚8點多所有幹部集合開會，討論政策方向、工作狀況、明日重點，也檢討受人批評之處。他指出，在陳指揮官的風格之下，面對所有的批評指教，一定先虛心檢討政策方向是否需要修正、執行是否有不完善之處，再研討如何改善如何精進，「防疫工作從來不是完美，團隊只希望能盡力謀求民眾最大福祉。很榮幸自己是這個團隊的一員」。最後王必勝表示，陳時中為了讓大家回家陪家人好好過個父親節，也暫停了兩天夜間會議，「現在忽然覺得怪怪的……原來是今晚沒吃花生，哈哈真不習慣」。  |https://www.setn.com/News.aspx?NewsID=979190&utm_source=setn.com&utm_medium=viewall&utm_campaign=viewallnews|2021-08-08|
6_20210808_34|5倍券！這族群109萬人可望免費領|政治|生活中心／陳佳鈴報導行政院將推出一千元換五千元的振興五倍券，據了解，為考量中低收入戶在經濟上的弱勢，政院將讓全國約一○九萬名中低收入戶免費領券，規劃將一千元直接撥入中低收入戶的帳戶，等於免費領券。，行政院將規劃先將一千元存入中低收入戶的帳戶，等於免費領券。為刺激經濟，去年發放的「振興三倍券」創造了一千多億元的經濟效益，今年受疫情影響，行政院將發放「振興五倍券」會再精進、加碼，行政院長蘇貞昌表示，最後定案時會跟社會大眾報告，也會先跟黨團溝通，希望能夠更成功。行政院官員表示，與去年發行三倍券一樣，這次規劃五倍券中低收入戶等弱勢民眾免費領券，未來會將一千元現金直接撥入中低收入戶的帳戶中。行政院官員也回應，有關民進黨立委提出的各種意見，行政院都會注意，本週將與黨團溝通共同討論。|https://www.setn.com/News.aspx?NewsID=979186&utm_source=setn.com&utm_medium=viewall&utm_campaign=viewallnews|2021-08-08|
6_20210807_35|為選黨主席噴口水 綠議員：真是夠了|政治|政治中心／高雄報導氣象局持續對高雄發佈超大豪雨特報，市長陳其邁直接前進山區勘災，高雄市議員邱俊憲指出，高雄雨還在下，要參選國民黨主席的朱立倫卻等不及的在臉書噴政治口水，邱俊憲批朱立倫充滿政治算計，「不需如此冷血！」，高雄雨還在下，還在噴口水真是夠了。邱俊憲強調，照片中所塌陷的路段位在中崙國中後方，屬於鳳山溪護岸水防道路，主要為供防汛搶險使用，和市區道路的狀況迥然不同；朱立倫卻用非坑洞照片，要達到國民黨內政治鬥爭的目的！邱俊憲指出，水利局早已說明，該路段因連日豪雨，導致護岸基礎掏空、伸縮縫加大、後方背填土流失，因此出現塌陷情形，相關單位在事發後立即至現場了解受損情形，並在周遭區域設置安全措施，以避免人車誤入。邱俊憲感嘆，他們還是只會講為了達到他們政治目的的話，國民黨，一向都是如此；夠了，雨水還在下，政治口水，不必了！真的夠了！|https://www.setn.com/News.aspx?NewsID=979150&utm_source=setn.com&utm_medium=viewall&utm_campaign=viewallnews|2021-08-07|
6_20210807_36|韓國瑜搞烏龍 批5倍券配香港女人街|政治|政治中心／陳又瑞報導針對行政院規劃的振興「五倍券」，前高雄市長韓國瑜今（7）日重提過去金句「莫忘世上苦人多」，強調基層民眾現下最需要的是救急的現金紓困，希望政府能夠苦民所苦，體察民意、貼近民心。不過有網友發現，韓國瑜該篇文章的配圖竟是香港「女人街」，引發熱議。「莫忘世上苦人多」。韓國瑜在臉書上發文批評「五倍券」，認為2個多月來的三級警戒以來，有許多民眾連最基本的民生問題都出現困難，卻有謬論要求受到疫情衝擊的民眾「拿現金換振興券」。韓國瑜強調，「『莫忘世上苦人多』，這句話不是口號，而是一個殘忍存在的現實」，呼籲政府發放基層民眾現下最需要的救急現金紓困，「唯有做到苦民所苦，才能真正體察民意、貼近民心！」。不過有網友發現，韓國瑜該篇文章的配圖是香港知名露天攤販街道「女人街」，雖然韓國瑜18分鐘後馬上將圖片換成一張機車騎士載貨的照片，不過仍早早被網友截圖討論。對此，許多網友紛紛表示「台灣不能沒有韓總機，太無趣了」、「笑死，熟悉的征服宇宙韓導回來了」、「韓導撐香港，你懂個西瓜」、「我們都知道，香港在等一個人，林鄭下韓上」、「韓導的小編在香港中聯辦嗎？」「迷因圖王果然寶刀未老」。|https://www.setn.com/News.aspx?NewsID=979146&utm_source=setn.com&utm_medium=viewall&utm_campaign=viewallnews|2021-08-07|
6_20210807_37|韓國瑜批5倍券：莫忘世上苦人多|政治|政治中心／陳又瑞報導為搶救受疫情衝擊的內需產業，行政院定調推出振興券方案，有別於去年的三倍券，規畫發放振興「五倍券」。不過前高雄市長韓國瑜今（7）日重提過去金句「莫忘世上苦人多」，強調基層民眾現下最需要的是救急的現金紓困，希望政府能夠苦民所苦，體察民意、貼近民心。「莫忘世上苦人多」。行政院規劃推出「振興五倍券」，據了解，初步規劃是面額比去年多1張，一套共10張，「面額除了200元、500元之外，還會有1000元的面額」，預計最快在9月發行，外傳面額將是3張1000元、2張500元、5張200元，但政院官員表示，目前尚未到最後定案階段，相關配置還在討論處理中。韓國瑜在臉書上發文指出，社會上有許多民眾做一天工才能有一天飯、賺多少吃多少、家無儲糧地在過每一天。2個多月來的三級警戒對許多平民百姓來說苦不堪言，因為連在外奔波的機會都沒有，如今不但要發愁健保費和水電房租，甚至只能靠待用餐才能撐下去，連最基本的民生問題都出現困難，卻有謬論要求受到疫情衝擊的民眾「拿現金換振興券」。韓國瑜強調，「『莫忘世上苦人多』，這句話不是口號，而是一個殘忍存在的現實」，呼籲政府發放基層民眾現下最需要的救急現金紓困，「唯有做到苦民所苦，才能真正體察民意、貼近民心！」|https://www.setn.com/News.aspx?NewsID=979133&utm_source=setn.com&utm_medium=viewall&utm_campaign=viewallnews|2021-08-07|
6_20210807_38|奧運破紀錄 鄭寶清3點分析|政治|政治中心／綜合報導本屆奧運對台灣意義非凡，除了我國代表隊榮獲史上最佳戰績，帶領台灣站上國際舞台，也讓世界看見「台灣與中國不一樣」。前立法委員鄭寶清今（7）日形容，這是台灣史上最成功的國際宣傳，因為這次不是我們自己說，而是各國主動替台灣正名，強調「台灣不是中國」。鄭寶清指出，台灣與中國的第一個差異就是國家身份，我國無法用國旗、國名參賽的困境，已引發國際熱議關切。他列舉，開幕式主辦單位安排台灣隊比中國隊早出場，日本《NHK》直接稱呼「台灣隊」，當時日本網友在「niconico」網站聲援台灣、批判中國的態度差異，令人印象深刻。此外，英國《BBC》、《The Diplomat》都特別報導台灣無法以國名參賽的原因，韓國網紅、網友也對台灣處境表示「心痛」，在各國友人眼裡「台灣就是台灣，不是中國」。鄭寶清表示，選手的態度與修養，是台灣與中國的第二個不同，羽球男雙「麟洋配」賽後向對手90度鞠躬致意，獲得日本隊真誠祝福，也在印尼爆紅。戴資穎賽後與各國選手擁抱、相互打氣的舉動更引發瘋傳。相較中國選手在場上飆罵髒話、干擾對手引起共憤，受害的南韓隊已準備提告，更加凸顯台灣人友善、禮貌，以及奧運競技與友誼並存的精神，與中國相差甚遠。，鄭寶清3點分析：世界看見台灣與中國不一樣。戴資穎金牌戰失利的輿論反應，鄭寶清認為是台灣與中國的第三個差異，雙方看待體育競技的態度完全不同。對台灣人來說，選手訓練期間的努力、比賽時的奮戰不懈，都是為國家付出的心血，所以網友湧入大量關心、支持，一起大喊「戴資穎我愛你」。反觀中國羽球男雙拿到銀牌，中國網友不但沒有給予掌聲，還把選手罵到關閉社群帳號，就算是贏到金牌的陳雨菲也受害。鄭寶清補充，中國網友賽後「出征」各國選手的行為，已引起國際反感，這種狼性舉動正是中國政府自己養出來的，過度強調民族主義，動不動就說人家「辱華」，動員網軍到處挑釁，結果連自己人都不放過，這讓中國選手情何以堪？鄭寶清表示，強調台灣與中國不一樣，並非想挑起兩岸爭端，因為這是既成事實，不是需要改變的現狀。我們想讓世界了解，台灣作為一個國家，不但不差、而且很優秀，作為國際社會的一員，台灣願意為世界做出貢獻，就像防疫工作一樣，希望各國正視台灣、支持台灣。|https://www.setn.com/News.aspx?NewsID=979122&utm_source=setn.com&utm_medium=viewall&utm_campaign=viewallnews|2021-08-07|
6_20210807_39|綠委拋5倍券新用法！限定2千這樣花|政治|為搶救受疫情衝擊的內需產業，行政院定調推出振興券方案，有別於去年的三倍券，規畫發放振興「五倍券」。對此，民進黨立委鍾佳濱、無黨籍立委林昶佐共同提出5倍券新用法，應分為「3千元振興券＋2千元紓困券」，後外2千元紓困券的部分，限定零售、餐飲等受衝擊產業業者使用。行政院規劃推出「振興五倍券」，據了解，初步規劃是面額比去年多1張，一套共10張，「面額除了200元、500元之外，還會有1000元的面額」，預計最快在9月發行，外傳面額將是3張1000元、2張500元、5張200元，但政院官員表示，目前尚未到最後定案階段，相關配置還在討論處理中。鍾佳濱表示，他建議此次發放的振興券可分成「三菜兩湯」，維持3千元的振興券，增加2千元的「佰元」小額面額紓困券，發放方式建議為100元20張、200元5張、500元2張，以及1千元1張。鍾佳濱說，佰元紓困券可以鼓勵民眾到小店家消費，消費者支付100元，店家可以向政府兌現120元，避免紓困券被大型通路整碗捧走。此外，紓困券要有3限，限消費、限小額和限兌現，紓困券應限制用於受益情影響的4大行業零售、餐飲、旅宿和藝文展演和其他受困行業。限小額則是指限用百元紓困券20張，小面額才容易在日常生活使用；限兌現是指限定小店家持紓困券兌現可享加碼優惠，讓小店家有能力和大通路業者競爭。林昶佐則說，萬華受到疫情影響嚴峻，夜市、市場和小店家受到很大的困難，很多都是使用小面額消費，希望政府規劃振興方案的時候，可以思考小面額發放，不只把能量幫助到受衝擊嚴重的產業，也可以幫忙到台北萬華、新北板橋等疫情重災區的商家。|https://www.setn.com/News.aspx?NewsID=978868&utm_source=setn.com&utm_medium=viewall&utm_campaign=viewallnews|2021-08-07|
6_20210807_40|2024總統民調墊底 柯文哲這麼說|政治|民眾黨日前做了一份不公開的總統民調，假想國民黨派出新北市長侯友宜、民進黨則是副總統賴清德來進行民調，台北市長柯文哲僅18%支持率吊車尾。對此，柯文哲今日下午在防疫記者會中表示，只要做好每天的事情，民意如流水，時間到了就交給上蒼決定，還說如果一直盯看著數字上上下下，很快自己就會先精神分裂。，自己的態度都很清楚，只要做好每天的事情就好。據了解，民眾黨悄悄做了一份不公開的總統民調，分別假在藍綠陣營派出侯友宜及賴清德對比，結果以侯友宜約29%支持度居冠、賴清德28%居次、柯文哲18點多%墊底。對此，柯文哲表示，自己的態度都很清楚，只要做好每天的事情就好。台灣民意如流水，常常是做好今天該做的事情，時間到了，就給上天去決定。他還說就跟買股票一樣，放著就好，如果一直盯看著數字上上下下，很快自己就會先精神分裂。|https://www.setn.com/News.aspx?NewsID=979079&utm_source=setn.com&utm_medium=viewall&utm_campaign=viewallnews|2021-08-07|
6_20210807_41|聚餐+11！侯喊嚴查內用：違規就罰|政治|中央流行疫情指揮中心今（7）日公布，國內本土確診病例新增6例，以新北市4例為最多，新北市長侯友宜今日下午3時舉行疫情記者會。針對新莊區出現家庭聚餐造成11確診情況，為因應即將而來的父親節，侯友宜表示，一定嚴格落實餐飲內用防疫做到好，各局處都會去作稽查，若有違規嚴重，一定開罰3000元到1萬5000元。新北市新莊區家庭聚會染疫事件擴大，沒參加聚餐家族成員也疑因彼此聊天交誼而感染，累計至目前為止已有11人染疫；市府指出，整體疫情仍在控制中，已送檢驗查感染源。由於明（8）日就是父親節，外界也擔心家戶感染情形是否擴大。對此，侯友宜表示，社區傳播鏈還沒阻斷，市府團隊要以警戒四級規格來嚴守二級，這段時間一定嚴格落實餐飲內用防疫做到好，各局處都會去作稽查，明日就是餐飲內用的第一個周末，也是父親節，大家一定要小心翼翼做好防疫。侯友宜也公布新北「百貨美食餐飲內用防疫管制措施」，必須實聯制、隔板或梅花座、桌距1.5公尺，提供個人套餐、1人1鍋、合菜由專人分菜，且不提供唱歌娛樂設備。另外，要明顯標示提醒消費者離開座位要配戴口罩。侯友宜說，先前稽查店家發現有些業者還有桌距沒有做好的情況，但他今日也去複查，業者都很配合，如果還有違規嚴重的情形，一定會依《傳染病防治法》開罰3000元到1萬5000元，目前餐廳的容留量也降到1／3。侯友宜也呼籲，若有業者來不及或做不到相關防疫措施的，就請暫時維持外帶，以防疫為優先。他知道大家經營得很辛苦，但提醒目前仍需審慎面對疫情，市政府會每週根據疫情狀況檢討可鬆綁的措施，感謝業者在這段時間的配合。侯友宜強調，外出吃飯還是盡量一個人一個套餐、少交談，且旁邊要有隔板，避免飛沫傳染，「這很重要！父親節要過的平安健康，所以真的很重要，記得口罩拿掉，病毒就到！每一個人都要小心翼翼」。|https://www.setn.com/News.aspx?NewsID=979061&utm_source=setn.com&utm_medium=viewall&utm_campaign=viewallnews|2021-08-07|
6_20210807_42|茶室復業再等等！柯文哲怨都在抹黑他|政治|台灣本土疫情日漸趨緩，但目前八大行業尚未解封。北市副市長蔡炳坤5日上午出面說明，北市已經針對茶室業者進行「3個階段」審查，若疫情得到控制，可望待中央9月宣布開放就能立刻復業。不料台北市長柯文哲在6日下午的疫情記者會，卻稱萬華茶室要在9月復業，這是不正確的，八大行業要開放，也是要等中央下令。柯文哲今日再度強調「北市不可能自己先開放，也不會無條件復業」，甚至指控遭認知作戰，政論節目都在抹黑他，帶風向。，北市不可能自己先開放八大行業，也不會無條件復業蔡炳坤5日上午出面說明，柯文哲非常重視萬華茶室業輔導管理，北市成立專案小組，定調萬華重出發、重現萬種風華，阿公店再生，洗淨情色污名，經過幾次府級和跨局處討論後做了定位，透過三個階段，「第一是溝通宣導、第二是復業輔導、第三是稽查管理」。至於復業的時間點，蔡炳坤指出，現在是在進行相關輔導到八月中旬，另外也給他們申請書，相關流程書表盡量簡化　最重要的是每一家的土地使用分區能夠符合，八月中旬之後，包含書審和現勘，到了九月份還要看疫情情況，「因為現在八大還沒開放，還是要配合中央，如果疫情是在可控的範圍內，我們預計九月份有機會讓準備好的先上」。而柯文哲6日記者會上則表示，所謂萬華茶室要在9月復業，這是不正確的，八大行業要開放，也是要等中央下令，台北市不可能自己先開放。他認為最終八大行業還是會解禁，但是我們還是在那之前，該做的準備要做好，不是到時候無條件跟過去一樣。針對民進黨議員簡舒培今日表示，北市府從2019年至今，台北市172家萬華茶室僅開罰5次，質疑市府長期以來放任阿公店導致如今的狀況，市府難以卸責。對此，柯文哲今日下午在疫情記者會中表示，議員索資只有商業處，北市對一個處罰從衛生局、警察局、建管處及社會局等，各式各樣，「她（簡舒培）以偏概全，一定不只五件」。柯文哲話鋒一轉，指自己昨日下午記者會就講很清楚，台北市不可能自己先開放，一定要中央說開才會來做，自己拿出來講是因為若中央有天要開放的話，我不可能讓它無條件復業，要求一定會更高。柯認為自己說的是這個，卻遭認知作戰，晚上去看電視的名嘴，抹黑他、帶風向。|https://www.setn.com/News.aspx?NewsID=979068&utm_source=setn.com&utm_medium=viewall&utm_campaign=viewallnews|2021-08-07|
41_20210808_1|男發疫情假消息：要搬離鹿港 下場曝|社會|彰化一名張姓男子，去年3月間，在未查證的狀況下，在臉書上張貼救護車停放在路邊的照片，並留言表示「X妳娘距離我家100公尺」、「X拎娘我要搬離鹿港了」等語，遭鹿港分局移送，彰化地院審理後，依違反嚴重特殊傳染性肺炎防治及紓困振興特別條例處罰金1萬元，得易服勞役10日。判決指出，張男明知新冠肺炎是現今新聞媒體、社群軟體、通訊軟體高度關注事件，民眾日常生活對於新冠肺炎疫情相關新聞、訊息也都十分關切，倘若在不特定或特定多數人得以瀏覽的網站散布關於新冠肺炎的不實消息，極有可能造成民眾恐慌，使社會大眾不安。但張男仍在去年3月24日凌晨2時許，未向防疫主管機關查證內容是否屬實，就在個人臉書上張貼救護車停放在路邊的照片，並標註「X妳娘距離我家100公尺」、「不要跟我說是隔離」、「X拎娘我要搬離鹿港了」、「各位該搬家嘍」、「代誌大條阿」等語，遭彰化縣警局鹿港分局移送。彰化地院審理時認為，張男未經查證就在臉書上散播新冠肺炎疫情的不實訊息，引起他人恐慌，實屬不該，但考量他已刪除貼文，另行發文澄清，犯後態度尚佳，依違反《散播有關嚴重特殊傳染性肺炎流行疫情之不實訊息罪》處罰金1萬元，得易服勞役10日。全案可上訴。，得易服勞役。看更多 新冠肺炎（COVID-19）疫情 最新報導： https://bit.ly/37gsay1★ 三立新聞網提醒您：防範新冠肺炎，應使用肥皂勤洗手，搭乘大眾運輸或無法保持社交距離時，務必戴上口罩！回國若身體不適請主動通報，14天內出現疑似症狀請先撥打防疫專線，並戴上口罩儘速就醫，務必告知醫師旅遊史。※ 免付費防疫專線：1922、0800-001922|https://www.setn.com/News.aspx?NewsID=979476&utm_source=setn.com&utm_medium=viewall&utm_campaign=viewallnews|2021-08-08|
41_20210808_2|騎士水溝蓋跑法超車自摔亡 畫面曝光|社會|【 8/8 19:50 發稿 ｜ 20:49 更新：新增影音 】台北市一名37歲陳姓男子，今天（8日）下午3時許，騎車沿著中正區中華路一段，一路騎在水溝蓋上，行經長沙街口時，卻不明原因突然自摔在地，頭部重創，經送往台大醫院搶救後仍宣告不治，至於確切事發經過與是否飲酒，也仍待警方後續進一步確認。。透過陳男的機車行車紀錄器可見，今天下午3時許，他騎車沿著中正區中華路一段往北方向行駛，一路騎乘在水溝蓋與外側車道上，不斷超越一旁的車輛，而車身也隨著水溝蓋的起伏而不斷上下跳動，最終行駛到接近長沙街口時，整部車突然重心不穩傾摔在地，更在路面上旋轉了一圈，陳男也當場重摔在地。。目擊民眾發現後，嚇得連忙打電話報警尋求協助，台北市消防局獲報派員趕抵現場時，發現陳男頭部、胸部嚴重挫傷、全身上下多處擦挫傷，緊急將他送往台大醫院搶救，但經搶救後仍於下午4時20分宣告不治。，在路面上旋轉了一圈。轄區警獲報後，也隨即展開調查，將進一步連絡家屬到案協助釐清車禍事故原因，並將委請院方代為抽血檢測是否有飲酒。|https://www.setn.com/News.aspx?NewsID=979459&utm_source=setn.com&utm_medium=viewall&utm_campaign=viewallnews|2021-08-08|
41_20210808_3|六龜「雨不停國」 2天下8個月雨量|社會|在西南氣流的嚴重影響下，中南部降下了可觀的降雨量，根據氣象局的統計，從5日到8日上午9點，高雄的六龜區累計降雨量已經達到了1301.5毫米，其中最大時雨量則下在茂林區，已達到了110豪雨，從過去的統計數據來看，高雄一年中降雨量也才1986毫米，也就是說僅僅2天多的時間就已經下8個多月的雨量，僅此於八八風災，也造成了94條溪流達到紅色僅警戒，緊急撤離了2370人。，短短2天半的時間降下了8個月的雨量。市府指出，自8月5日起至8日中午，高市府為掌握西南氣流造成的災害及處理情形，寶來一號橋上午已恢復通行，指示六龜區長儘速調查及妥善安置新發附近地區的市民，另桃源區因明覇克露橋斷橋仍無法通行部分，經應變中心協調消防署空勤總隊已順利載運相關的藥品、物資及台電公司4員專業技師，於11時28分安全降落樟山國小復興分校。在聽取成大防災中心水情分析及各單位受損災情處理情形報告後，副市長林欽榮特別強調明9日即將恢復上班上課，指示各局處應趁降雨趨緩，全力動員機具、人力，進行各項公共設施的清理與修復，特別於鐵路地下化約15公里長的園道範圍，需加強樹木枎直工作，恢復安全又整齊的市容。經災害應變中心彙整，全市經過連日豪雨，各項災情統計，包括積淹水26件、路樹倒塌324件、土石災情21件、道路災情231件、封橋13座、圍籬倒塌10件，另有桃源區停電及零星小規模災情，合計633件，已完成處理共612件，其中21件處理中，自5日至8日止，市府各單位已動員17435人次及3157部機具，其動員規模是莫拉克風災以來最大的降雨災情事件。|https://www.setn.com/News.aspx?NewsID=979434&utm_source=setn.com&utm_medium=viewall&utm_campaign=viewallnews|2021-08-08|
41_20210808_4|兒幫母發文控詐騙 遭執行署秒打臉|社會|南投縣一名詹姓網友，昨天（7日）凌晨，在臉書社團「爆廢公社」張貼出一張法務部行政執行署彰化分署的「行政執行案件現場執行通知」，表示前幾天有2男1女跑到家中，拿這張通知交給母親，儘管母親ETC的確有欠款，但仍讓他直覺是詐騙；而彰化分署今表示，這確實是彰化分署執行人員、非詐騙集團，而且除詹男的母親（康姓義務人）欠款外，詹男本身也積欠5900元交通罰鍰未繳，執行署人員將會再次前往住處釐清，並一併執行爆料人未繳罰鍰。。這名詹姓網友在臉書社團「爆廢公社」貼文指出「雖然我媽的確ETC有欠費，不過這直覺告訴我很明顯就是詐騙吧！前幾天兩男一女專程到家裡拿這張通知書給我媽，這個不都直接強制執行和寄信通知而已嗎？」並在文中張貼一張行政執行案件現場執行通知。彰化分署今天則澄清，3名人員確實都是執行署人員，詹男的母親（51歲康姓義務人），自2018年4月到2019年2月，共計欠繳國道過路費76筆，8374元，交通部高速公路局在今年3月11日將案件移送彰化分署執行。由於康女遲遲未繳納，因此執行署人員才會在本（8）月3日前往住處了解狀況，康姓義務人也表達，自己經濟能力上有困難，因此執行人員才會在通知單下方寫下，分4期，每月25日繳納，4期金額總計8374元。彰化分署更指出，務人若懷疑對方身份，執行署人員會當場撥打110請警方到場，因詐騙集團絕對不敢報警，為求慎重，同一組執行人員將再度會同警方前往該義務人住所，以協助釐清真相；此外，分署更查出，貼文爆料的詹男，本身也積欠2筆分別為2700元、3200元的罰單，共計5900元。。|https://www.setn.com/News.aspx?NewsID=979431&utm_source=setn.com&utm_medium=viewall&utm_campaign=viewallnews|2021-08-08|
41_20210808_5|南投國姓嚴重走山 家門變恐怖大峽谷|社會|盧碧颱風挾帶驚人雨勢，南投山區也傳出災情不斷！南投縣國姓鄉大石村發生大面積走山，村民說半夜聽到砰一聲巨響，接著大停電，「沒想到早上起來發現路不見了！」而走山面積長達上百公尺，整片山坡土石崩落到南港溪裡，形成深約70米的大斷崖，影響裡頭30戶居民無法進出，宛如被困在孤島中。▼南投國姓鄉大石村嚴重走山，路崩落到南港溪，家門變恐怖大峽谷。(圖/翻攝畫面)南投國姓鄉長丘埔生率縣府建設課人員到現場勘查，發現沿途電線桿被攔腰折斷、道路因山坡掉落的土石一併被衝落南港溪內，可見當時風雨之強勁。當地居民表示，凌晨四點多就聽到巨響，以為是電箱爆炸，沒想到天亮後出門查看才發現「路都不見了！」昌榮巷是當地居民的主要幹道，如今路斷門前形成一個大峽谷，「根本斷了我們進出的路」。居民若要進出，還得花一個多小時路程繞山路到市區，不過山路崎嶇多半也是斷樹擋路，三十戶居民待援，縣府緊急搶修，希望能夠先幫居民恢復電力，再利用大機具搶通。，大石村宛如孤島，將近30戶受困在裡面。(圖/翻攝畫面) |https://www.setn.com/News.aspx?NewsID=979419&utm_source=setn.com&utm_medium=viewall&utm_campaign=viewallnews|2021-08-08|
41_20210808_6|北市西門町車禍 騎士自摔宣告不治|社會|台北市西門町今（8）日下午發生死亡車禍，37歲陳姓機車騎士沿著中華路一段慢車道行駛，經過長沙街口時不明原因重摔至馬路上，頭部、胸腔遭受重擊，當場沒有生命跡象，緊急送往台大醫院搶救，但仍於下午4點半左右宣告不治，警方目前調閱監視器調查釐清車禍原因。|https://www.setn.com/News.aspx?NewsID=979417&utm_source=setn.com&utm_medium=viewall&utm_campaign=viewallnews|2021-08-08|
41_20210808_7|寶來山壁滑走山 目擊者：整塊掉下來|社會|記者翁郁雯、張哲儒、何正鳳／高雄報導高雄山區因為雨勢持續下，今（8）日仍有8個行政區停班停課，包括六龜、寶來、桃源等地。六龜居民一早起床，看到家門口再度遭到湍急水流沖刷，整個大傻眼，說12年前八八風災雖然雨量多一倍，但還沒有灌進住家，這次連續好幾天都是水淹及膝；而寶來山區更有民眾直擊拍下大面積山壁滑落走山，怵目驚心。。高雄寶來橋底下溪水湍急，滾滾泥水衝擊橋墩，遠方一片白煙揚起大量粉塵，拍攝影片的民眾說，整片山跑山，看起來實在怵目驚心。目擊民眾：「喔喔，整塊掉下來了。」回到現場，水勢依舊湍急。記者翁郁雯：「在六龜寶來橋的旁邊，一大片的山壁現在看起來植被已經沒有了，只剩下一部分而已。」。寶來山壁光禿禿，翠綠草木全部消失，山區大雨不斷，湍急溪水從上游沖刷衝擊橋面。不只寶來，六龜地區居民眼睜睜看著我家門前有小河。六龜居民：「走路小心一點，拖鞋要注意。」居民一早起床看到路面被湍急水流淹沒，仍有車輛冒險涉水。，車輛行駛困難。六龜居民：「慢一點，慢一點。」車輛勉強通行，居民拿著木板想擋住排水溝，但無奈水流真的太大。六龜居民：「順勢就淹進去了，八八風災還沒淹進去，雨還在下，看到馬路水這麼大，不怎麼好睡。」記者：「可以看到民眾最擔心的雨勢下不停，如果水又淹起來怎麼辦。」當地民眾聽著雨聲整晚睡不著，站在家門口把所有能擋水的物品水桶、花盆、木板通通拿出來，能擋多少是多少。連2天的大雨，24小時推移累積雨量，桃源區超過460毫米，六龜區排名第2，也超過了410毫米。。高雄市土石流紅黃警戒，桃源、六龜、茂林、那瑪夏等8個行政區停班停課，民眾趁著豪雨假緊盯家園，希望能降低財物損失。（殷悅哲整理）|https://www.setn.com/News.aspx?NewsID=979299&utm_source=setn.com&utm_medium=viewall&utm_campaign=viewallnews|2021-08-08|
41_20210808_8|帶少女回家壞壞 馬甲內衣讓他判無罪|社會|新北市新店一名詹姓男子，前年5月間，透過臉書認識一名當時年僅13歲少女小文（化名），並與對方發生關係，事後被依刑法227條第1項「對於未滿十四歲之男女為性交者」起訴，最重將面臨10年有期徒刑；而台北地院法官發現，小文並未告知詹男確切年紀，此外，根據小文身材與當天所穿的衣物，並非制服等明顯特徵可懷疑是國中小少女的服飾，甚至穿著一般學齡少女較不會穿著的「馬甲內衣」等特徵，認定詹男無法知情少女實際年齡，因此判他無罪。判決指出，詹男前年5月透過臉書認識當時年僅13歲的小文後，小文在同月底凌晨從台中離家北上抵達北市西門町地區後，與詹男見面，並一同返回詹男住處發生關係，事後詹男挨告，並被依刑法227條第1項「對於未滿十四歲之男女為性交者」起訴，將面臨3年以上，10年以下有期徒刑。詹男挨告後雖坦承與小文發生關係但辯稱，與小文見面後，對方並未告知自己實際年紀，自己也認為對方已經成年，並不清楚對方未滿14歲才會與對方發生關係。小文則證稱，自己與詹男見面後，並未與對方聊到自己的工作內容或是學業，更未與對方說過年紀或是就讀學校等內容，對方也並未詢問自己幾歲等個人資料。台北地院法官發現，小文與詹男聊天的臉書帳號，是她與友人共用的帳戶，所登載的生日為「2000年8月21日」中，2000年是朋友的出生年分，後面月日才是小文的，因此在小文未主動告知實際年齡下，詹男是否能夠得知小文年紀，確實有疑問。此外，法官發現小文的身高158公分，體重78公斤，身高及體型無明顯過於瘦小，而讓人一看就知道是國中小學齡兒童的情形；此外，她當天穿著的衣服，並非制服或有其他明顯特徵可懷疑其係國中小學齡的少女，甚至穿著般學齡少女較不會穿著的馬甲內衣，因此，認定詹男主觀上不知小文未成年，諭知無罪。全案仍可上訴。，因此判他無罪。★ 尊重身體自主權！請撥打113、110|https://www.setn.com/News.aspx?NewsID=979378&utm_source=setn.com&utm_medium=viewall&utm_campaign=viewallnews|2021-08-08|
41_20210808_9|新北按摩師毆街友 地板太滑跌倒摔死|社會|43歲謝姓按摩師經常到中和區的清穗公園與當地街友喝酒聊天，今年一月時，他與其中一名潘姓街友酒後吵架，兩人價值觀不同，最後不歡而散。但謝內心不爽，記仇半年還是不能解心頭之恨，昨（7）日下午看近期疫情緩和，找來黃姓朋友跑去公園找潘男理論，但昨天新北市下大雨，地面溼滑，三人在拉扯間滑倒，被圍毆受傷的潘姓街友趁機逃離現場，但謝男自行起身之後又無力倒地，送醫急救竟不治死亡。警方昨晚將潘姓街友、黃姓友人帶回偵訊，目前釐清案情中。、黃2人圍毆，當時地面溼滑。中和分局昨天下午6點獲報後立刻展開偵辦，據查，謝男今年1月與潘姓街友吵架後，兩人就因疫情關係沒有再見過面，但謝男耿耿於懷，昨天下午2點與黃姓朋友跑到公園附近的立體停車場堵潘姓街友，兩人見面後提及年初的爭執，一言不合又開始大吵，謝男與黃男圍毆潘，潘被兩人打受傷，三人拉扯間因地面溼滑跌倒在地，潘男先爬起來趁機逃走，由路人打電話叫救護車，送往亞東醫院醫治。潘姓街友跑走後，謝男與黃男也起身準備離開，但謝突然暈眩昏倒在地，黃男打電話給謝的弟弟求助，謝男弟弟開車到場後將他送往雙和醫院急救，但到院前就已沒有生命跡象。中和警方昨晚11點先後將黃男及潘男查緝到案，潘男依照傷害致死罪移送，黃男則因毆打潘姓街友，也依照傷害罪移送法辦。警方已報請檢察官相驗，釐清謝姓按摩師的死因。|https://www.setn.com/News.aspx?NewsID=979380&utm_source=setn.com&utm_medium=viewall&utm_campaign=viewallnews|2021-08-08|
41_20210808_10|防疫期間治安不鬆懈 陳家欽南下表揚|社會|高市警於防疫期間，除落實及配合相關防疫措施工作外，悍衛轄區治安不受疫情影響，近期屢破指標性組織犯罪案件，並查獲海洛因、大麻等大量毒品，展現政府掃蕩決心，更嚇阻黑道幫派趁疫作亂挑戰公權力，警政署長陳家欽特別南下表揚有功人員，並頒發破案獎金。，署長陳嘉欽南下表揚。署長陳家欽肯定同仁迅速偵破重大社會矚目案件，即時安定民心，也感謝高市警近期掃黑及緝毒行動表現優異，強調政府對於街頭暴力零容忍，防止街頭失序暴力及聚眾鬥毆事件，警察同仁責無旁貸，除落實治安防制工作，持續打擊犯罪，絕不因防疫而有所鬆懈。未來執行掃黑及肅毒專案掃蕩行動工作，除將重新訂定策略外，將採重獎重賞鼓勵員警辦案辛勞，並運用科技與資料庫關聯分析，加強幫派情資蒐報與毒品溯源追查以突破斷點，持續向上溯源刨根斷絕金流來源，瓦解供毒網絡，澈底從源頭遏止犯罪，產生嚇阻作用。掃黑、肅槍、打詐及緝毒是警方持續的重點治安工作，呼籲民眾如有發現任何可疑或違法情事，勇於出面向警方檢舉，勿讓不法分子存有任何僥倖心態，確保維護社會治安及市民安居決心，共同努力守好民眾安身立命的家園，讓民眾享有安全、幸福居住的環境!。|https://www.setn.com/News.aspx?NewsID=979370&utm_source=setn.com&utm_medium=viewall&utm_campaign=viewallnews|2021-08-08|
41_20210808_11|雨停了屋竟垮了!台中民宅倒2戶驚逃|社會|受到颱風影響，中南部連日暴雨造成多處地區傳出災情！好不容易今(8日)稍停，台中卻傳出房屋倒塌意外！位在台中南屯萬盒路一段相連的兩戶民宅，屬於磚瓦屋，下午一時突然傳出一陣怪聲後，屋頂就應聲倒塌。當時屋內有四人，聽到一陣怪聲後就往外逃，只有一名屋主的爸爸受困屋內，所幸消防隊員趕到及時將人救出。，因暴雨加上地震房屋受損倒塌。消防隊員獲報後，出動南屯分隊，消防車輛3輛、救護車1輛，消防人員11人，由南屯分隊小隊長柯弘玟現場指揮。整片瓦礫屋頂全部脆裂，鐵皮支架根本撐不住呈現波浪狀，所幸天花板下屋主還有另架設鍍落鐵架，才將倒塌的天花板撐住。屋主表示，可能連日大雨加上這陣子地震不斷，導致房屋受損，才會發生房屋倒塌意外，所幸無人傷亡。，倒塌詳細原因仍待查。|https://www.setn.com/News.aspx?NewsID=979363&utm_source=setn.com&utm_medium=viewall&utm_campaign=viewallnews|2021-08-08|
41_20210808_12|台中高雄4縣市 發布大規模崩塌警戒|社會|今天凌晨再度發展為颱風的盧碧，目前位於台灣東北方6百多公里海面上，未來會迅速朝東北方移動。颱風剛走，西南風持續影響台灣，農委會水土保持局今（8）日發布土石流紅色警戒358條，黃色警戒123條；大規模崩塌紅色警戒4處，黃色警戒1處，提醒民眾儘速避難。、屏東等4縣市發布大規模崩塌紅色警戒，另有481條土石流紅黃警戒。（中央社）根據水保局警戒，土石流紅色警戒分布於台中市和平區達觀里、自由里、南勢里、天輪里、博愛里，太平區頭汴里，南投縣仁愛鄉新生村、互助村、南豐村、親愛村、萬豐村、法治村、發祥村，埔里鎮蜈蚣里，魚池鄉五城村，國姓鄉長流村、長豐村、大旗村、乾溝村、柑林村、南港村、北港村、長福村、福龜村、大石村，中寮鄉和興村，竹山鎮瑞竹里，鹿谷鄉內湖村，水里鄉新興村，信義鄉羅娜村、神木村、同富村、望美村、自強。台南市南化區關山里、玉山里，屏東縣霧台鄉霧台村、阿禮村，三地門鄉青葉村、青山村、安坡村、口社村、達來村，瑪家鄉北葉村、佳義村、瑪家村、涼山村，泰武鄉萬安村、佳平村、平和村、泰武村，萬巒鄉新置村，來義鄉來義村、義林村、古樓村、丹林村、文樂村、望嘉村。高雄市那瑪夏區達卡努瓦里、瑪雅里、南沙魯里，甲仙區小林里、關山里、和安里、大田里、東安里、西安里，杉林區木梓里、集來里，美濃區中圳里、福安里、獅山里、廣林里，桃源區建山里、梅山里、復興里、桃源里、勤和里、拉芙蘭里、高中里，六龜區寶來里、文武里、大津里、中興里、興龍里、新發里、荖濃里、六龜里，茂林區多納里、茂林里、萬山里，雲林縣古坑鄉華山村、桂林村、草嶺村。嘉義縣梅山鄉龍眼村、瑞里村、太和村、瑞峰村，竹崎鄉文峰村、緞繻村、光華村、中和村、復金村，大埔鄉永樂村、茄苳村、大埔村、和平村，阿里山鄉豐山村、來吉村、樂野村、達邦村、里佳村、山美村、茶山村、新美村、十字村，中埔鄉東興村、中崙村等，7縣31鄉118村。 　　大規模崩塌紅色警戒分布於台中市和平區達觀里，南投縣國姓鄉南港村，高雄市茂林區萬山里，屏東縣來義鄉來義村等，4縣4鄉4村。另外，土石流黃色警戒部分，分布於台中市新社區福興里，太平區興隆里、光隆里、黃竹里、東汴里，和平區梨山里，南投縣仁愛鄉春陽村、精英村，埔里鎮南村里、桃米里、成功里、福興里，水里鄉車埕村，中寮鄉廣福村、福盛村、清水村，名間鄉仁和村，鹿谷鄉鳳凰村，信義鄉明德村、自強村、同富村、東埔村。台東縣達仁鄉南田村、安朔村，大武鄉尚武村、南興村，台南市白河區仙草里、關嶺里，東山區南勢里，楠西區密枝里、照興里、龜丹里、灣丘里，屏東縣春日鄉力里村、歸崇村，苗栗縣泰安鄉八卦村、士林村、象鼻村、梅園村，高雄市旗山區東平里，雲林縣古坑鄉樟湖村，嘉義縣梅山鄉圳南村、安靖村，竹崎鄉桃源村、塘興村，番路鄉公興村、公田村，中埔鄉東興村、石弄村、瑞豐村等，9縣23鄉50村。大規模崩塌黃色警戒分布於嘉義縣竹崎鄉塘興村等，1縣1鄉1村。|https://www.setn.com/News.aspx?NewsID=979357&utm_source=setn.com&utm_medium=viewall&utm_campaign=viewallnews|2021-08-08|
41_20210808_13|新北警針對大型車 明展14天大執法|社會|新北市台64線快速道路八里端匝道，上個月連續發生3起砂石車追撞事故，共計造成1死4傷憾事，新北市政府警察局交通警察大隊分析發現，下八里匝道前為觀音山隧道長下坡彎道，下橋處設有紅綠燈管制，疑因大型車為爭道搶快，有超速行駛、未保持安全距離及超載導致追撞事故，有鑑於此，從明天（9日）起將針對大型車輛，執行一連14天的交通大執法。。新北交大表示，台64線西向台北港端出口因施工，從6月30日起封閉往台61線路段，導致大量車流必須提前在八里匝道下面道路，沒想到，上月一連發生3起砂石車追撞事故，共計造成1死4傷憾事。交大分析車禍肇因發現，下八里匝道前為觀音山隧道長下坡彎道，下橋處設有紅綠燈管制，疑因大型車為爭道搶快，有超速行駛、未保持安全距離及超載導致追撞事故。為改善現場交通工程設施，新北警會同交通局、公路總局多次現場會勘研商改善方案，已於八里交流道出口匝道增設中華路及商港路口預告號誌及標示牌面，確保兩車道車輛均可提前辨識路口燈號，並在沿線增設多處警示牌面，提醒大型車駕駛試踩煞車、減速慢行等，並由交通局監控下匝道車流，彈性調整中華路商港路口號誌秒數，加強疏導避免塞車。新北警從上（7）月15日起，加強台64線快速道路大型車輛各項違規取締，截至7月底，共計取締違規超速195件、超載55件、號牌汙穢29件，該路段除原本西向2.85公里觀音山隧道出口處設置固定式測速照相外，也在西向進入隧道前及下匝道縮減車道路段機動運用移動式測速照相，防制車輛違規超速，並運用LED告示牌面提醒用路人注意減速慢行。新北警為擴大防治大型車輛事故，從明天（9日）起到22日，展開一連14天的大型車交通大執法，針對砂石車、大貨車等大車易違規時段及路段加強攔檢，並配合6月1日起強制大型車裝設行車視野輔助系統，加強稽查，如查獲未依規定裝設，可處汽車所有人12,000元以上24,000元以下罰鍰，如輔助系統無法正常運作，仍繼續行車者，可處汽車所有人9,000元以上18,000元以下罰鍰，並均責令其參加臨時檢驗。新北警希望藉由執法手段，來導正駕駛人違規行為，並呼籲大型車輛駕駛人，開車前應落實檢查車輛，切勿違規超載，開車中要隨時注意車前狀況，保持安全煞車距離，提高警覺性，減少交通事故發生，避免民眾生命、財產遭受損害，共同守護市民的安全。。|https://www.setn.com/News.aspx?NewsID=979352&utm_source=setn.com&utm_medium=viewall&utm_campaign=viewallnews|2021-08-08|
41_20210808_14|20公尺缺口…高鐵苗栗軌道坍方照曝|社會|【 8/8 13:15 發稿 ｜ 14:52 更新：新增影音 】父親節週末返鄉的第一天，大批遊子為返家與家庭慶祝父親節，不料連日的大雨造成高鐵位於苗栗通霄段的邊坡土石鬆動影響高鐵行駛安全，幸好高鐵沿線有偵測系統，無造成事故發生，也一度耽誤旅客行程。雖緊急搶通，該坍方路段畫片也曝光！通霄鎮坪頂路段軌道旁邊坡被沖毀，土石入侵，原本軌道旁綠油油的草皮邊坡，少了一大塊，幾乎貼齊軌道，成為高鐵通車以來最嚴重的一次。▼寬達20公尺缺口，土石整個被沖刷到高鐵苗栗軌道邊，是高鐵通車以來最嚴重的一次邊坡坍方。台灣高鐵苗栗地區靠近通霄鎮坪頂路段7日因暴雨導致軌道旁邊坡被沖毀，土石入侵，空拍畫面也曝光！沿著鐵軌的坪頂路段旁邊坡原本應該是一片綠油油的草皮邊坡，寬約20公尺的長形邊坡，向下滑落，被沖刷墜落的大量泥土，直接淹過鐵軌護欄。苗栗段因地形多是丘陵，是整條路線中隧道最多，這次發生坍方的路段，也曾經遭異物入侵過，最知名的一次例子是附近吃草的山羊，跳躍進軌道，還有一次則是汽球拍在空中，纏住高壓電線，所幸幾次異物入侵，都透過示警系統即時警告才沒釀成行車意外。，原本綠油油的一片，也因坍方禿成一塊剩下土石。在異物入侵的防護上，高鐵在全線密集設置天然災害告警系統（DWS），包括地震偵測器、氣象偵測器及闖入偵測器，這次發揮作用的就是闖入偵測器，當發現異物入侵，會發出訊號給即將通過的列車，司機員透過與行控中心聯繫，做出慢行、停駛等應變作為。▼坍方面積達20公尺，坍方相當嚴重，震撼畫面曝光。 |https://www.setn.com/News.aspx?NewsID=979301&utm_source=setn.com&utm_medium=viewall&utm_campaign=viewallnews|2021-08-08|
41_20210808_15|破厝變大大的家！住豬舍鄭小妹圓夢了|社會|雲林3歲鄭小妹家中貧困，先前因一家三代住在豬舍改建的老舊破屋，引起義工團重視，承諾要將鄭小妹手繪的夢想屋變成真，募集75萬準備幫鄭小妹一家蓋新鐵皮屋。原本一度因疫情停工的工程，在解封後義工集結趕工，終於趕在父親節這天交屋！漏水的破舊豬舍變大房子，讓鄭小妹嗨到用跑的參觀家中的每一個地方，阿嬤則感動落淚謝謝義工們的幫忙。，借住在親友借來的破豬舍中。，在舊豬舍旁為鄭小妹蓋了新家。今(8日)鄭小妹與家人來到新家時，開心地邊走邊跳，跑遍家中每一個角落，尤其看到自己的房間、新的床鋪，馬上跳上床滾了好幾圈。鄭小妹也特別穿上紅裙子，慶祝「新家落成」！貼心的志工還將鄭小妹的房子，布置得相當溫馨，床上放了好幾個可愛布偶，書桌上全是童書，讓鄭小妹笑容都沒停過。鄭家從破豬舍，一到雨天就得擔心漏水，連覺都沒辦法好好睡的家，如今變成一個真正可以擋風遮雨的庇護所，阿嬤感謝義工暖心相助「謝謝你們給我們一間溫暖的厝。」，心情相當雀躍！雲林鄭小妹家中經濟狀況不佳，一家四口就住在跟親戚借來的破舊豬舍內，義工得知鄭家狀況拜訪時，當時義工問鄭小妹你有甚麼願望呢？鄭小妹天真的拿著筆，畫下夢想中「大大」的房子。簡單的幾筆畫，畫出心中的渴望，更感動義工決定要幫鄭小妹一家圓夢。無奈開工前遇上疫情攪局，只好將工期延後，義工也在解封後，以2個周末假日4天時間，投入400人次，蓋出一棟耐用30年、美輪美奐新房子，包括外牆封板、木工裝潢、家俱及水電，義工真的把鄭小妹畫中「大大的房子」變成真的！3房1廳1廚1衛，面積達21坪建材也講究防火、防水、隔音還可保溫，總經費70萬元是由一名熱心團員林小姐大方全額贊助。，全是志工貼心準備的童書。|https://www.setn.com/News.aspx?NewsID=979310&utm_source=setn.com&utm_medium=viewall&utm_campaign=viewallnews|2021-08-08|
41_20210808_16|新／桃源3部落成孤島 空勤急送物資|社會|盧碧颱風降為熱帶性低氣壓後，對中南部地區帶來相當嚴重的影響，其中桃源區「明霸克露橋」在民眾的直擊下硬生生遭溪流折斷、沖毀，使得復興、梅山、拉芙蘭等3個部落對外交通完全中斷，糧食飲水僅能再撐2個星期，市府於是協調空勤總隊進行物資補給，並另派4名台電人員到當地搶修供電。。據了解，受颱風外圍環流帶來強勁西南氣流及豪大雨影響，高雄市已於6日晚間9點豪雨災害應變中心提升為二級開設，並執行強制撤離（含預防性撤離）共2,160人，高雄市桃源區台20線「明霸克露橋」為通往復興、拉芙蘭、梅山三個部落的主要通道，於7日下午1點多遭玉穗溪水暴漲沖斷。。此橋一斷讓三個部落頓時成孤島且電力中斷，桃源區公所表示，目前復興部落有185人、拉芙蘭部落有143人、梅山部落有173人，3處部落共有501人受困，所幸在市府及區公所全力整備應變下並無人傷亡，里民全數均已由區公所協助避難到安全住所，且居民糧食充足尚有2至3週庫存量。為確保民眾安全，並以恢復民眾正常生活為第一要務，副市長林欽榮特於7日災害應變中心工作會議中，指示消防局向內政部空中勤務總隊申請支援。經消防局火速協調各相關單位，並彙整桃源區復興、拉芙蘭、梅山三里之物資需求，隨即由社會局完成物資調度集結，8早上因雨勢趨緩，天候狀況允許，直升機於上午10時53分自小港機場起飛，於11時28分平安降落桃源區樟山國小復興分校，機上載送台電鳳山區處４名工程人員至山區搶修電力基礎設施，同時投放300公斤民生物資及藥品補充缺口，確保市民正常生活運作無虞。▼起飛前搬運物資。 颱風盧碧雖已離臺，但外圍環流仍持續影響中，特別是中南部山區仍可能出現局部短延時強降雨。市府災害應變中心及各單位無不繃緊神經、隨時應變，充分落實各項防災整備措施，努力讓颱風災情減到最低。，災民終於等到希望。|https://www.setn.com/News.aspx?NewsID=979275&utm_source=setn.com&utm_medium=viewall&utm_campaign=viewallnews|2021-08-08|
41_20210808_17|恆春3小時下近150毫米！多處淹水|社會|昨（7）日超大豪雨襲擊屏東縣多個鄉鎮淹水，但恆春半島昨天雨勢不大，今（8）日早上卻在3個小時內下近150毫米雨量，造成區內多處淹水，道路中斷，雨勢仍持續下。昨天屏東縣單日最高雨量已飆破800毫米，縣境內多個鄉鎮淹水、山區土石崩落，災情嚴重，但恆春鎮昨天只下了11.5毫米，今天清晨突然出現3小時近150毫米的暴雨，包括恆春工商宿舍區、龍鑾潭周邊路段及台26線船帆石路段，都有積水及泥流滾滾阻路災情。，造成區內多處積淹水，道路中斷。恆春氣象站表示，由於西南氣流南移，今天恆春從清晨6時開始下起大雨，6時到7時下了66毫米，屬大雨等級。縣長潘孟安上午也在臉書（Facebook）特別提醒，西南風持續帶來降雨，山區和恆春半島有較大雨勢，雲系目前影響恆春半島，民眾要留意安全。除了恆春鎮外，昨天受超大豪雨襲擊的多數鄉鎮今天雨勢雖稍緩，但雨勢仍不小，根據中央氣象局資料，今天截至上午9時，三地門鄉和瑪家鄉都在200毫米以上，高居全台1、2名。昨天淹水的地區，還有部分地區水沒有消退，佳冬鄉、林邊鄉及東港鎮的台17線仍有些路段水淹及小腿，台17線仍封閉中，上午東港傳出有汽車試圖行走，受困水中。三地門大橋新橋及舊橋昨天都因溪水暴漲封閉，今天上午公路總局勘查後，新橋已於上午9時開放通行，而舊橋還沒開放，三地門鄉長車牧勒薩以．拉勒格安表示，舊橋上次被沖斷而新造的橋墩，今天仍是溪水沖刷的集中點，因此，還不能開放。。新橋8日上午已開放通行，舊橋仍未開放。昨天南州鄉萬華村大埔路福德宮附近疑似有1名男子落水失蹤，消防人員從昨天晚上搜尋到今天上午仍未尋獲，持續搜尋中。今天還在封閉管制的道路還有185線沿山公路、台前往霧台的24線、南州鄉萬華路、高樹鄉和興路、三地門鄉德文往大社屏專6道路等；橋梁部分則有來義鄉南和大橋、三地門舊橋、高樹鄉口社大橋、新埤鄉斗羅野溪小橋及新埤鄉嚮潭橋還封閉中。|https://www.setn.com/News.aspx?NewsID=979284&utm_source=setn.com&utm_medium=viewall&utm_campaign=viewallnews|2021-08-08|
41_20210808_18|紅牌小姐戀恩客 幫籌保金挨打又被告|社會|30多歲的袁姓小姐過去曾是知名酒店的紅牌坐檯小姐，她認識從事汽車貸款的徐姓客人後，就被徐男熱情又闊氣的追求打動，離開酒店開始與徐同居。不過徐男不久後為填補龐大賭債，涉入詐騙案件，袁女不離不棄，但兩人仍因官司問題感情破裂，最終分手，徐男卻心懷怨懟，先後控告袁女偽造文書、恐嚇。袁姓女子長相柔美又個性溫柔，早年在北市酒坐檯時時常有客人指定，是店家的紅牌小姐。多年前，年約50歲的徐姓男子帶著朋友到酒店消費，見到袁女後一見鐘情，多次來消費都指定她作陪，對她展開瘋狂追求。兩人雖相差20歲，但徐男一片真心，最後終於打動袁女，讓她下定決心離開酒店，與他交往同居。。（示意圖）好景不常，2016年間，徐男為了填補欠下的大筆賭債，找朋友冒充林森北路地主、建設公司負責人及律師的印章，誆騙3名投資者400萬元在造假的土地開發案，隔年東窗事發，被依照現行犯逮捕移送台北地檢署複訊，雖然未被羈押，但卻需要50萬元交保金。袁女接獲通知後四處籌錢，拿出積蓄又向親友借款，好不容易湊足50萬元，以自己的名義替北檢辦理交保事宜。她辦保後，法警給她一張「刑事保證金繳納收據聯正本」，提醒她只要徐男偵審期間按時出庭，結案後可持這張正本來辦理領取保金。袁女事後將保證金收據交給徐男，而徐男涉及的詐騙案經法院審判，依照偽造文書罪判1年6個月徒刑，緩刑5年，但條件是要賠償被害人400萬元損失，徐男無力償還，結果緩刑被撤銷。官司纏身期間，徐男情緒經常失控，動輒打罵女友，袁女多次挨打，不堪身心虐待逃家，但沒有取走保證金收據，直到結案後她想起這筆50萬元，因此到北檢領取保證金，但簽切結書稱單據遺失。直到徐男持單據去北檢辦理時，發現50萬元已被女友取走，由愛生恨，控告她偽造文書罪，甚至還告發她也參與2016年的詐欺案。所幸詐欺案件經台北地檢署調查，沒有證據可證明袁女涉案，不起訴處分。但袁女領取保證金時稱單據遺失，並簽下切結書，這部分被北檢依照偽造文書罪起訴，袁女在法院審理時認罪，被判處3月徒刑、緩刑2年。兩起案件落幕後，徐男仍不肯放過她，又控告袁女恐嚇。袁女被鬧到疲憊，僅說兩人剛同居時的確感情很好，徐男還主動提出要收養她的女兒，但徐男曾把女兒帶走不讓他們見面，因此她才會打電話給他，並無恐嚇。檢方多次傳喚徐男，但他沒有出庭，檢方無從查證，因此同樣給予袁女不起訴處分。 |https://www.setn.com/News.aspx?NewsID=979282&utm_source=setn.com&utm_medium=viewall&utm_campaign=viewallnews|2021-08-08|
41_20210808_19|創意父親節 苗警局長親外送指定早餐|社會|社會中心／綜合報導一年一度的父親節來臨，為了讓因值勤輪班而無法返家與家人團聚的員警也能度過佳節，苗栗縣警察局在父親節當天特別發揮巧思，由局長周煥興扮演超級外送員，為執勤員警送上由警眷指定的專屬早餐，並透過視訊讓警眷遠端送上感謝與祝福，讓員警直呼：「真的好感動！」▼，幫員警買早餐。父親節前夕，警察局事先詢問員警家屬平時員警喜好的早餐。於父親節當天，周局長與5個分局正（副）分局長，同步到轄區內警眷指定的中、西式早餐店購買餐點，放入外送背包後，立即驅車將熱騰騰又美味的早餐送到員警手中。值班員警看到局長現身探班，突然拿出自己平日最喜歡的早餐，個個又驚又喜，直說：「從警這麼久，第一次有局長幫我送早餐！而且居然知道我喜歡吃什麼早餐！太用心了吧」，當然過程中還發生同仁一直猜不到老婆點的早餐，原來老婆點的不是愛吃的，而是點更營養的早餐，讓同仁身體更健康；婦幼隊隊長也接到同在警察局上班的妻子電話祝福。更有警眷在視訊活動後表示：「我先生從警30餘年，局長在88節他值勤時送早餐，讓我真的非常感謝，謝謝你非常重視同仁的辛勞，也貼心的讓他們在辛苦工作之餘還能兼顧家庭，你的好我們警眷都會放在心裡。」▼，周煥興親自外送警眷指定早餐這些送同仁的早餐都是局長事先問過警眷後才去購買，特別用心。接著透過視訊讓員警的女兒與妻子對無法返家過節的爸爸親訴平時說不出口的話語，一句句「爸爸辛苦了、我愛你、謝謝你」讓員警們眼眶泛淚，感動不已。過程中周局長與各正(副)分局長也在視訊中向家人們表達對員警同仁的照顧與關心，讓員警在這特別日子裡感受到滿滿溫暖及感動。在外送早餐活動結束後，周局長體恤5位正（副）分局長平時維護轄區治安的辛勞，今（8）日又為身為父親同仁送早餐，於是利用外送平台為他們準備一份豐盛的午餐，讓他們能夠在繁忙的工作中也能吃到一頓熱騰騰的愛心午餐，並祝他們父親節快樂。警察不分假日與晝夜堅守崗位，為國家社會所付出辛勞與貢獻，但也犧牲掉與家人的歡聚時光，因此特別規劃辦理8月8日父親節活動，藉由此次活動讓無法與家人相聚的同仁能夠享受到熱呼呼、家人指定的專屬早餐，並透過視訊說出心中的愛與感謝。最後祝福天下所有的父親們工作順心、身體健康、事事如意！|https://www.setn.com/News.aspx?NewsID=979250&utm_source=setn.com&utm_medium=viewall&utm_campaign=viewallnews|2021-08-08|
41_20210808_20|舉人後代淪軍火販 祖宅藏M4衝鋒槍|社會|社會中心／台北報導台北市大龍峒的「陳悅記古宅」，是國家文化部認定的國定古蹟，陳姓家族成員至今仍住在內，其中一名58歲陳姓男子長期販售槍枝、毒品為生。萬華分局歷經長期蒐證，日前率隊前往陳男住家逮人，並在「陳悅記祖宅」內，搜出3把制式長短槍及毒品一批，其中甚至包括特種部隊專用的黑蜘蛛M4衝鋒槍。，並在陳悅記祖宅搜出3把長短槍。警方調查，陳男是舉人世家後代，卻成為在地知名角頭，長期盤據大同區一帶，並以販賣軍火、毒品為生；專案小組歷經長期蒐證，本月5日下午4時見時機成熟，率隊前往陳男的華亭街住家逮人，卻毫無斬獲。警方認定陳男藏有槍械，進一步突破對方心防，始知他將槍械藏在「陳悅記祖宅」，並在其中1間房舍內搜出3把長短槍，包括黑蜘蛛Ｍ4衝鋒槍、土耳其自動手槍及M870霰彈槍，黑市價格高達150萬元，其中黑蜘蛛M4較為罕見，射程有七百公尺，火力強大，是國外特種部隊常用槍枝。除此之外，警方還起獲大量子彈及海洛因等證物。陳悅記祖宅又稱老師府，為國定古蹟，位於台北市大龍峒一帶，該祖宅為陳氏家族祠廟，但陳悅記並不是人名，而是家譜的公業統號，由於該祖宅年代久遠，加上陳家祖上曾有3名舉人，因此門外還放著舉人旗桿，因此被列入國定古蹟，亦是台北市最大古宅。據調查，陳男的哥哥9年前就曾被警方搜出烏茲衝鋒槍，他入獄後，陳男接受哥哥的軍火事業，繼續販售槍毒，不久後也因槍砲毒品案件入監，3年前假釋後出獄，又重操舊業，繼續從事軍火毒品買賣。|https://www.setn.com/News.aspx?NewsID=979255&utm_source=setn.com&utm_medium=viewall&utm_campaign=viewallnews|2021-08-08|
41_20210808_21|台中梧棲新天地 頂樓火警竄濃煙|社會|台中市梧棲區知名的新天地餐廳才因全國警戒降級開放內用，未料屋漏偏逢連夜雨，又遇上火警！今早梧棲新天地海鮮餐廳被發現頂樓冒出濃煙，濃煙不斷往上竄，遠在一公里外就能看到濃煙，消防隊員到場搶救，所幸無人員受困。，火警原因正釐清中。台中市消防局今天早上近十時許獲報，梧棲區新天地餐廳頂樓冒出黑煙，派遣梧棲、清水、沙鹿分隊，出動消防車輛7輛、救護車1輛，消防人員共21人，由梧棲分隊小隊長陳信宏帶隊前往搶救。現場是八樓建築物，頂樓為鐵皮加蓋，火勢一發不可收拾，不到幾分鐘就濃煙密布，所幸火警發生時間並非客人用餐時間。梧棲消防分隊表示，現場為8樓RC建物，頂樓鐵皮加蓋部份起火燃燒，所幸無人員受困，燃燒面積約150平方公尺，搶救約半小時，成功在上午10時12分成功撲滅，財物損失待查，起火原因由大隊火調人員調查中。，所幸無人受困。▼台中梧棲新天地頂樓火警竄濃煙，適逢父親節，具新天地表示不影響當是訂餐客人。▼八層一整層的宴會廳，也被燒得一片焦黑。|https://www.setn.com/News.aspx?NewsID=979248&utm_source=setn.com&utm_medium=viewall&utm_campaign=viewallnews|2021-08-08|
41_20210808_22|特殊交友圈再一例 3男開趴群聚超慘|社會|正當新冠肺炎本土疫情降溫之際，「特殊交友圈」接連幾次群聚、南北移動造成許多民眾恐慌，讓「清零」變得好像很遙遠，台南市警方在6日晚間又破獲了一宗「特殊交友圈」群聚吸毒案，原來房間內的3名男子因為呻吟及打鬧聲太大，而遭到其他房客投訴，因而讓這群特殊交友圈的行為曝光。。據了解，黃姓男子（47歲）及曾姓男子（33歲）本來是好友關係，但6日晚間透過交友軟體隨機配對了一名黃姓男子 (38歲)，相約到中西區忠義路的一間商旅內「群聚」，但3人的聲響實在太大，讓其他房客暴怒通報警方，待員警趕抵現場後，循著房號敲門，大約過了10分鐘後曾姓男子才開房，警方入內後頓時發現3人衣著不整，原先只想提醒3人不要妨害安寧，但其中一名員警卻發現梳妝台上的謎樣液體，視線掃過又發現4支針筒。警方進一步搜索後，發現窗邊有2包安非他命，以及1支已經使用過的針筒，另外還有摻水的安非他命針筒4支尚未使用，以及1瓶不明液體及毒品殘渣、俗稱「水車」的毒品吸食器，房內3人坦承施用及持有毒品，訊後依毒品罪全數移送法辦。。|https://www.setn.com/News.aspx?NewsID=979230&utm_source=setn.com&utm_medium=viewall&utm_campaign=viewallnews|2021-08-08|
41_20210808_23|阿爸臨終的交代 讓雙胞兒淚如雨下|社會|悲傷父親節，紀錄片「回眸」，忠實記錄三位癌末病人冠瑋、瑤華、育姍，他們在離開人世前，如何面對死亡。其中冠瑋對雙胞胎兒子的臨終交代令人不捨。一聲「爸爸要跟你們說再見，很遺憾我不能陪你們長大」，讓兩個兒子在病床前，淚如雨下。     癌末父親用最後力氣，叮嚀雙胞胎兒子要代替他盡孝道照顧阿公阿嬤。（圖／翻攝自「回眸」紀錄片）    癌末父親用最後力氣，叮嚀雙胞胎兒子要代替他盡孝道照顧阿公阿嬤。（圖／翻攝自「回眸」紀錄片）       爸爸要跟你們再見  很遺憾我不能陪你們長大「佑佑和廷廷，爸爸要跟你們說再見，很遺憾我不能夠陪你們長大，你們出現在我的生命中，是我一生最快樂的時光，你們要好好照顧自己的身體，也要照顧阿公阿嬤的身體，爸爸沒有機會去孝順他們了…….」冠瑋是一位年輕的單親爸爸，在生命最後的時光中，鼓起勇氣在鏡頭前，錄下對雙胞胎兒子的最後叮嚀，而一旁的兩個兒子早已哭成淚人。   癌末父親用最後力氣，叮嚀雙胞胎兒子要代替他盡孝道照顧阿公阿嬤。（圖／翻攝自「回眸」紀錄片）  癌末父親用最後力氣，叮嚀雙胞胎兒子要代替他盡孝道照顧阿公阿嬤。 （圖／翻攝自「回眸」紀錄片）   癌末父親用最後力氣，叮嚀雙胞胎兒子要代替他盡孝道照顧阿公阿嬤。（圖／翻攝自「回眸」紀錄片）這是台灣第一部探討靈性照顧的電影《回眸》，其中一段感人畫面。他知道自己來日不多  很想把想說的話都錄進去讓兒子聽《回眸》紀錄片導演陳志漢接受三立新聞網訪問時回憶….第一次看到冠瑋的時候，可以感受到他的善良，但也可以看到他在逃避即將到來的死亡，他很奮力想要活下去……..大約是第三次去紀錄冠瑋時，冠瑋請我幫他錄影，他有些話想對雙胞胎兒子說，他很用力的一字一字把想講的話都唸出來。後來大悲的師父幫冠瑋皈依，希望冠瑋可以在臨終之前有一個佛祖的依靠。師父後來看到冠瑋在看佛經（懺悔文），冠瑋也自動說了自己正在懺悔「他這輩子做的事情」。我感覺到冠瑋的心裏平靜下來了，一方面他把自己該說的話都對孩子說了，另一方面他也看到過去種種自己的問題，有了一切的領悟………… 「回眸」導演陳志漢，忍住心中哀傷完成紀錄片拍攝。  「大悲學苑」照顧末期病人解心結，圓滿離世。 （圖／翻攝自「回眸」紀錄片）人生不一定活得漂亮  但是要走得鏗鏘「大悲學苑」是擔任「臨床關懷宗教師」的宗惇法師於2014 年成立，帶領一群充滿愛與慈悲的關懷人員，以宗教力量提供病人身心靈全人照顧的「靈性照顧」，幫助病人解開心中的結、圓滿離世。冠瑋的故事之外，《回眸》也細膩呈現另外兩位癌末病人瑤華與育姍的故事。冠瑋被告知生命剩下一個月，他苦惱來不及看著就讀小學的雙胞胎兒子佑佑和廷廷長大….瑤華希望在家安寧，但回到家後，家人之間的不和睦讓她感到害怕….育姍長期在海外工作，生病返台治療被判定為末期病人，因為女兒不在身邊，育姍擔心臨走前見不到女兒最後一面……紀錄片呈現3人，如何面對死亡的每一刻，傾最後生命之力，展現他們「對生的不捨」、「對死的恐懼」以及「過程中靈性照顧給他們的勇氣」。 「大悲學苑」照顧末期病人解心結，圓滿離世。 （圖／翻攝自「回眸」紀錄片） 「大悲學苑」照顧末期病人解心結，圓滿離世。 （圖／翻攝自「回眸」紀錄片）《回眸》引領世人勇敢直視死亡 末期病人需要勇氣家屬親友也需要《回眸》紀錄片引領世人勇敢直視死亡，末期病人需要勇氣，家屬親友也需要。如果病人最終沒能好好面對死亡而是抱著遺憾離開，會怎麼樣呢？大悲學苑靈性關懷督導「德嘉法師」說：「平靜安心好走，對家屬來說是很大的安慰。否則往生的人往生了，活著的人一輩子走不出那個痛。」 「大悲學苑」照顧末期病人，也照顧家屬的心。 （圖／翻攝自「回眸」紀錄片）回顧自己的人生  為什麼要等到最後一刻生死話題，平常的時候，我們總因為生活的忙碌，避而不談。但生死會像無常般，令人措手不及的出現在周遭，無論癌末、太魯閣火車意外，以及新冠肺炎嚴峻此刻猝死的人與家人……就像導演陳志漢說的，人生的每個階段都可以讓自己有一些時間沉澱，回頭看看這一段時間的自己，有沒有因為生活及工作而來不及做的事情，若等到臨終才回顧時，會發現少了與真的失去太多的愛與關懷。  「大悲學苑」直視生死話題，令人深思。（圖／翻攝自「回眸」紀錄片）「大悲學苑」靈性關懷病人家屬，也是《回眸》紀錄片的監製陳靜慧的一句話令人深邃省思：「回顧自己的人生  為什麼要等到最後一刻」。在疫情嚴峻的此刻，《回眸》紀錄片直視死亡，帶我們體悟一定要珍惜當下，一切的愛都要來得及…………  「大悲學苑」照顧末期病人解心結，圓滿離世。 （圖／翻攝自「回眸」紀錄片）  「大悲學苑」照顧末期病人解心結，圓滿離世。 （圖／翻攝自「回眸」紀錄片）  「大悲學苑」照顧末期病人解心結，圓滿離世。   「大悲學苑」臨終關懷者需要新血。 （圖／翻攝自「回眸」紀錄片） 「大悲學苑」創辦人宗惇法師。為愛集資：《回眸》談論平時社會避而不談的生死議題，期盼成為正視生命階段與靈性提升的傳承助力。《回眸》拍攝到後期經費用盡，咬牙拍攝完畢後卻缺乏經費上映。此外，隨著病人照顧需求量不斷增加，專業關懷人員的培訓也必須相對應增加，於是「大悲學苑」發起「《回眸》紀錄片上映暨關懷人員培訓經費募集，希望透過大眾力量讓末期病人的生命故事、靈性照顧議題登上大銀幕被更多人看見，並募集專業關懷人員的培訓經費，使更多病人能圓滿離世。一起成為靈性照顧的推手！集資計畫網址：https://backme.tw/ref/bAfIy/ |https://www.setn.com/News.aspx?NewsID=947117&utm_source=setn.com&utm_medium=viewall&utm_campaign=viewallnews|2021-08-08|
41_20210808_24|還沒修好！高鐵：維持單線雙向行駛|社會|生活中心／林奇樺報導昨（7）日因受到熱帶性低氣壓及西南氣流帶來的豪雨，高鐵苗栗路段出現邊坡滑動的情況，高鐵也緊急宣布苗栗到台中段停駛。不過今（8）日清晨4時45分，高鐵一度在官網張貼「全線正常營運」，但上午8時14分，高鐵再度更新運行資訊指出，「因受8/7苗栗路段受大雨致邊坡滑動、土石入侵影響，導致部分列車延誤」，而受影響的路段就是從南港到左營。對此高鐵也表示現仍維持單線雙向行駛。。昨日受雨勢影響，台灣高鐵苗栗路段昨（7）日上午8:07在通霄路段測得「入侵告警」訊號，發現邊坡滑動、土石入侵，且範圍有擴大之虞，高鐵緊急宣布中午12點起暫停苗栗至台中區間雙向運轉，並派員緊急搶通。對於高鐵路段出現邊坡滑動的情況，蘇貞昌昨日視察0806水災中央災害應變中心時也指出希望儘速搶通，並指示內政部協助交通維持。而今晨4點45分，高鐵一度宣布，全線已恢復正常通行，但沒想到過不到4個小時，高鐵再度更新運行資訊，稱南港到左營部分列車延誤，原因則是「8/7苗栗路段受大雨致邊坡滑動、土石入侵影響」。高鐵也表示，目前仍維持單線雙向行駛，若對旅客造成影響，敬請見諒。，高鐵再度更新列車運行資訊。|https://www.setn.com/News.aspx?NewsID=979219&utm_source=setn.com&utm_medium=viewall&utm_campaign=viewallnews|2021-08-08|
41_20210808_25|「恐龍」現身快打站 伸左手臂打疫苗|社會|台中快打站進入尾聲，6日卻出現了一位稀客！位在西區忠信國小的快打站，突然出現一隻「恐龍」，持健保卡打疫苗，巨大的「恐龍」現身時，立刻吸引全場注目。原來是一名38歲黃小姐，透過唐鳳系統預約，為了博得辛勞的醫護人員一笑，特別著「暴龍裝」登場。，「恐龍」現身快打站，全場驚呼聲連連。上月馬來西亞有人穿上暴龍裝打疫苗，沒想到這個畫面也出現在台中！台中市西區忠信國小6日出現一隻暴龍！陪同「暴龍」來打疫苗的友人表示，恐龍是由38歲的黃小姐扮裝而成的恐龍妹，先前透過唐鳳系統預約疫苗施打，6日接獲通知，他突發奇想，也想慰勞快打站醫護整天幫民眾施打疫苗的辛勞，特別「著裝」登場。到場後，現場人員核對她的身分跟健保卡，入座後接受量耳溫、問身體狀況，最後請「恐龍」伸出左手臂，幫她消毒後完成疫苗施打。恐龍妹表示，創意來源就來自大馬那段影片，覺得醫護人員太辛勞，才想模仿恐龍妹讓大家「開心一下」。果然一登場，立刻吸引眾人目光，還有施打疫苗的民眾紛紛拿出相機拍照，讓最後一天的快打站充滿歡樂與笑聲。|https://www.setn.com/News.aspx?NewsID=979211&utm_source=setn.com&utm_medium=viewall&utm_campaign=viewallnews|2021-08-08|
41_20210808_26|疑酒客上門尋仇 酒館老闆2友人遭砍|社會|8日凌晨，新北市土城區中央路某酒館，老闆與2名友人蔡男(24歲)、楊男(23歲)，在店內關門飲酒聚餐，不料店外的鐵門突然多人遭敲打，且店門口的乾粉滅火器，還被對方噴的到處都是，老闆透過監視器感到一頭霧水，因此跟2友人外出查看，沒想到一出去就被多人追砍，且砍完就落跑，警方獲報後趕抵，立即將受傷的蔡男、楊男送醫救治，初步了解，疑為酒客在店內發生衝突、上門尋仇。，疑發生酒客尋仇砍人事件。據了解，當時老闆打烊後，跟友人蔡男、楊男於店內飲酒聚餐，豈料店未鐵門突遭人敲打，還噴灑店門口的乾粉滅火器，老闆跟友人外出查看時，遭對方持武器追砍，警方獲報後立即派員趕抵，只見蔡男、楊男都被砍傷，但行兇者早已逃之夭夭，立即呼叫支援請救護車到場，協助傷者送醫救治。警方已調閱附近監視器，並將相關人員帶回，後續將釐清整起案情經過。▼，疑發生酒客尋仇砍人事件。★ 三立新聞網提醒您：喝酒不開車、開車不喝酒！未成年請勿飲酒，飲酒過量，有礙健康！|https://www.setn.com/News.aspx?NewsID=979192&utm_source=setn.com&utm_medium=viewall&utm_campaign=viewallnews|2021-08-08|
41_20210808_27|不爽女友被灌酒 屁孩鬥毆少年遭刺死|社會|8日清晨1時許，新北市樹林區發生鬥毆砍人事件，一名男子因不滿女友去聚餐時，遭多人灌酒，雙方互揪多人助陣，約在國凱街談判，離譜的是，附近就是轄區彭厝派出所，雙方一言不合談判破裂，瞬間爆發肢體衝突，其中一名17歲的少年，遭女方人馬持美工刀刺傷脖子、胸口及背部。警方獲報趕抵現場，將在場的人通通帶回，而受傷的少年送醫後，仍因傷重宣告不治，目前現場拉起封鎖線，警方也將深入釐清案發細節。 ，發生少年鬥毆砍人事件。據警方初步調查，一名男子因不滿女友遭人灌酒，因此找來多人助陣，向之前聚餐的人理論，對方也不干示弱，也找來多人助陣，雙方約在國凱街談判，不料之後兩派人馬發生肢體衝突，其中女方人馬，持美工刀刺傷對方一名17歲少年，警方獲報趕抵，先將在場者制伏，並將受傷少年送往亞東醫院急救，但少年仍傷重不治。由於在場者有多名青少年，警方也通知家長到派出所協助，並調閱附近監視器畫面，釐清刀械來源、涉案人員等，全案持續偵辦中。。★ 三立新聞網提醒您：喝酒不開車、開車不喝酒！未成年請勿飲酒，飲酒過量，有礙健康！|https://www.setn.com/News.aspx?NewsID=979187&utm_source=setn.com&utm_medium=viewall&utm_campaign=viewallnews|2021-08-08|
41_20210808_28|台88線火燒車 化學槽車輪胎突起火|社會| 8日凌晨，高雄大寮區台88線6公里處、屏東往高雄方向，一台載著著氫氣的化學槽車，行進間突然右後輪不明原因起火，駕駛發現後立即分離車頭跟槽車，並打電話通報警消，高雄市消防局獲報後，火速派員趕抵現場，所幸火勢被迅速控制撲滅，並無造成任何傷亡，但起火原因還需進一步調查。。據警方調查，當時化學槽車右後輪不明原因起火，消防局獲報後，出動4個分隊到場搶救，火勢約在半小時後被撲滅，而該起事故，導致內側2車道全封閉，車流一度回堵4至5公里，所幸火勢並未波及載運的氫氣槽，並無造成任何傷亡，也未波及其他車輛。|https://www.setn.com/News.aspx?NewsID=979183&utm_source=setn.com&utm_medium=viewall&utm_campaign=viewallnews|2021-08-08|
41_20210808_29|國3連環追撞 18歲女受困送醫不治|社會|7日深夜11時許，國道3號南下40.4公里處土城路段，發生5車連環追撞事故，其中1名18歲的女子受困車內，救出脫困後失去生命跡象，送醫搶救不治，另有一名年約30歲男子，頭部撕裂傷送醫。據初步了解，現場共有5車、13人，1名男子頭部受傷，18歲女子受困命危、送醫不治，而事故原因，疑為20歲的劉姓男子，開車載著18歲女性友人，疑自撞內側護欄後，加上後方車輛未保持安全距離，而發生一連串追撞。，18歲女子送醫不治。新北市消防局表示，7日深夜11時07分獲報，國道3號南下40.4公里土城路段，接近土城匝道處，有5車連環追撞事故，經派員趕到現場時，發現其中一名18歲女子受困在車內，立即使用破壞器材，破壞車體將她救出，卻發現她已無呼吸心跳，緊急將她送往土城長庚醫院搶救，但仍傷重不治；另一名年約30歲的男子，則為頭部撕裂傷，意識清醒，同樣被送往土城長庚醫院救治。，18歲女子送醫不治。據警方初步調查，疑為20歲的劉姓男子，駕車載著18歲的女性友人，自撞內側護欄後，後方車輛未保持安全距離而追撞。劉男的車子因遭撞擊，18歲女友人因車體變形、受困車內，因為撞擊力道巨大，女子被夾在副駕駛座上，警消動用破壞機具，花費越40分鐘才救出女子，但女子已無生命跡象，由救護人員CPR搶救後送醫，但仍宣告不治。目前警方正調閱監視器、行車紀錄器，以釐清事故發生原因。|https://www.setn.com/News.aspx?NewsID=979184&utm_source=setn.com&utm_medium=viewall&utm_campaign=viewallnews|2021-08-08|
41_20210808_30|疑大雨打水漂？汽車自撞路燈連根拔起|社會|6日下午，屏東縣枋山鄉傳出一起車禍事故，一名鄭姓男子開車載著2名乘客，行經台1線北上452.1公里處時，疑似因大雨路滑、導致車輪「打水漂」，竟失控衝撞中央分隔島及路燈桿，路燈當場被撞擊力連根拔起，還拋飛到對向車道，而鄭男駕駛的汽車，車頭也嚴重凹陷毀損，所幸車上3人僅擦挫傷，無生命危險。、路燈。據警方調查，鄭男當時行駛台1線北向內側快車道，行經枋山鄉台1線北向452.1公里處之際，疑因「打水漂」突然自撞中央分隔島，還撞毀路燈、連根拔起。警消獲報後立即派員趕抵，所幸車上3人僅受輕傷，且駕駛鄭男也無酒駕情事，而該起事故也造成雙向道路受阻，幸好之後順利排除。對此，警方也呼籲，連日間歇性豪大雨，請用路人加強注意，天雨路滑、小心駕駛，避免造成意外事故。。|https://www.setn.com/News.aspx?NewsID=979181&utm_source=setn.com&utm_medium=viewall&utm_campaign=viewallnews|2021-08-08|
41_20210808_31|啃老男討嘸錢暴走 轟父出門咬傷2警|社會|8月7日晚間、父親節前夕，台中一名45歲的黃姓男子，因跟老父親討錢、吵著分家產遭拒，竟將老父轟出家門，並將門反鎖、揚言點火自焚，台中第四分局大墩所獲報，副所長蔡明松立即帶隊前往，期間跟黃男一度對峙，黃男情緒激動下，還朝外扔擲塑膠椅等，之後警消破門進入，迅速壓制體重超過100公斤的黃男，過程中副所長蔡明松遭咬傷、警員林建豪雙腳扭傷，所幸送醫後無大礙，訊後黃男被依法送辦。。據警方調查，當時黃男因金錢問題，跟老父親發生爭執，竟將父親趕出家門，並反鎖揚言要潑灑汽油自焚，警方獲報後趕抵，黃男突然情緒激動，朝外丟擲塑膠椅、垃圾桶等，副所長蔡明松與警員林建豪，從另一棟大樓三樓進入，藉此吸引黃男注意，好讓消防在樓下破門，之後雙方發生扭打，過程中，蔡明松右手臂遭咬傷，警員林建豪雙手、腿部扭傷，所幸警消破門進入後，立即將他壓制，由於黃男體重超過100公斤，警方改以腳鐐將其逮捕。。黃父難過表示，黃男是么子，但退伍之後一直在家當啃老族，每天玩手遊也不工作，天天向家裡伸手要錢，老大跟老二因受不了弟弟，已紛紛搬離家中，只剩黃男跟父親同住，近期，黃男又吵著要錢，且還逼父親分家產，但因為該房子為三名兒子共同持有，黃男討嘸錢之後竟情緒失控，還揚言要點汽油自焚，所幸經調查，黃男當時拿的是清潔劑，虛驚一場。由於黃男大吵大鬧，警方趕抵後，雙方又對峙約1小時，最後警消順利破門，將其壓制逮捕，2名員警因此受傷，所幸無大礙，黃男被壓制時也受輕傷，被送往中國醫藥學院治療，警方也派員戒護，警詢後，將黃男依妨礙公務、家庭暴力、傷害、恐嚇罪嫌移送。★ 拒絕暴力！請撥打113、110★ 三立新聞網提醒您：勇敢求救並非弱者，生命一定可以找到出路。透過守門123步驟-1問2應3轉介，你我都可以成為自殺防治守門人。※ 安心專線：1925（依舊愛我）※ 張老師專線：1980※ 生命線專線：1995※ 反霸凌專線：0800-200-885|https://www.setn.com/News.aspx?NewsID=979179&utm_source=setn.com&utm_medium=viewall&utm_campaign=viewallnews|2021-08-08|
41_20210808_32|脫口罩用餐咳嗽被嗆 鐮刀男被判拘役|社會|今年3月間，新北市一名于姓男子，在淡水某餐廳吃粥時，聽到隔壁桌江姓男子咳嗽，竟當場勃然大怒，先是衝上前飆罵三字經，還嗆江男「你是不是有新冠肺炎！怎麼可以對著別人咳嗽？」，並從車裡拿出鐮刀作勢揮砍，嚇的江男立即報警處理，士林地檢署偵結，依恐嚇、公然侮辱等罪起訴。案經士林地院審理，依恐嚇等罪判于男拘役30天、可易科罰金3萬元。，持鐮刀恐嚇遭判拘役。據判決指出，于男在3月1日晚間，到新北市淡水某廣東粥店用餐，席間聽到隔壁桌的江姓男子傳出咳嗽聲音，突然站起身，走到江男的桌子前痛罵「你是不是有新冠肺炎？怎麼可以對著別人咳嗽！你有沒有禮貌！」還飆出一連串三字經。之後于男竟到自己的機車旁，從置物箱拿出一把鐮刀，回到店內繼續罵江男、作勢揮砍，警方獲報後到場處理。見員警抵達，于男否認要砍江男，強調車裡有鐮刀，是因為生鏽了，要拿去買一把新的，但江男堅持提告。檢方調閱監視器後，認定于男確實有揮砍動作，且有飆罵，認為于男的行為涉犯恐嚇危安、公然侮辱罪，因此依法起訴。法院審理後，認定于男犯公然侮辱罪，判刑拘役10天，又涉犯恐嚇罪判拘役30天，合併應執行刑30天，可易科罰金3萬元，可上訴。看更多 新冠肺炎（COVID-19）疫情 最新報導： https://bit.ly/37gsay1★ 三立新聞網提醒您：防範新冠肺炎，應使用肥皂勤洗手，搭乘大眾運輸或無法保持社交距離時，務必戴上口罩！回國若身體不適請主動通報，14天內出現疑似症狀請先撥打防疫專線，並戴上口罩儘速就醫，務必告知醫師旅遊史。※ 免付費防疫專線：1922、0800-001922|https://www.setn.com/News.aspx?NewsID=979176&utm_source=setn.com&utm_medium=viewall&utm_campaign=viewallnews|2021-08-08|
41_20210808_33|清穗公園3人互毆！他滑倒撞頭吐血亡|社會|【 8/7 23:00 發稿 ｜ 8/8 00:55 更新：內文 】新北市中和一名謝姓男子，昨天（7日）下午2時許，夥同黃姓友人前往清穗公園，聯手痛毆一名潘姓男子，未料，卻因地面濕滑，互毆過程中不慎跌倒，導致謝男當場吐血昏厥在地，由胞弟送往醫院搶救後仍宣告不治，轄區中和警方獲報後，也隨即展開調查，昨天深夜已通知黃男與被打的潘男到案，釐清確切事發經過。。據了解，43歲謝姓死者與43歲潘姓男子，今年1月間，因細故曾爆發口角，心生不滿下，謝男昨天（7日）下午2時許，再度與潘男相約在清穗公園內談判，謝男更找來43歲黃姓友人前往助陣。。雙方一見面便爆發肢體衝突，以徒手方式互毆，過程中，由於地板濕滑，導致3人都有滑倒，負傷的潘男見撞趁機逃離現場，並由民眾協助報案，搭乘救護車前往亞東醫院就醫。。謝姓死者正準備與黃男搭車離去時，卻突感不適，吐血昏厥在地，由謝男的胞弟駕車送往雙和醫院搶救，但經急救後仍宣告不治。。中和警方昨天晚間6時許，接獲院方轉報後，隨即介入追查，在昨天深夜11時許，先後逮捕黃男與被打的潘男到案，訊後將黃男依傷害罪嫌、潘男則依傷害致死罪嫌移送法辦。|https://www.setn.com/News.aspx?NewsID=979165&utm_source=setn.com&utm_medium=viewall&utm_campaign=viewallnews|2021-08-08|
41_20210808_34|國3土城段5車連撞 1女命危|社會|【 8/7 23:57 發稿 ｜ 8/8 00:38 更新：內文 】國道3號南下40.4公里處土城路段，昨天（7日）深夜11時許，傳出5部車的連環追撞事故，造成現場全線封閉，新北市消防局獲報派員趕到現場，利用機具將受困在車內的38歲女性救出時，發現他已無呼吸心跳，緊急將她送往醫院搶救，另有一名年約30歲男子頭部撕裂傷送醫，國道警方獲報後也立即派員趕赴現場，正在排除當中，至於確切傷亡人數與事發經過，仍待進一步釐清。。新北市消防局表示，昨天（7日）深夜11時07分接獲報案指出，國道3號男嚇40.4公里土城路段，接近土城匝道處，有5部車的連環車禍事故，經派員趕到現場時，發現其中一名38歲女子受困在車內，立即使用破壞器材，破壞車體將她救出，卻發現她已無呼吸心跳，緊急將她送往土城長庚醫院搶救；另名年約30歲的男子，則為頭部撕裂傷，意識清醒，同樣被送往土城長庚醫院救治。。國道警方獲報後，也立即派員趕赴現場進行交管，目前仍在排除事故當中，後續車禍發生經過，仍待進一步釐清。。|https://www.setn.com/News.aspx?NewsID=979168&utm_source=setn.com&utm_medium=viewall&utm_campaign=viewallnews|2021-08-08|
41_20210807_35|新／雨衣男墜溝渠失蹤 警消漏夜搜救|社會|受到熱帶性低氣壓（原盧碧颱風）及西南氣流影響，屏東縣連續幾日降下豪雨，而在南州鄉萬華村大埔路福德宮附近的溝圳，今天（7日）晚間6時許，傳出一名身穿黃色雨衣的男子，墜落溝圳的意外事件，屏東縣消防局獲報後，立即派出大批人車趕赴現場救援，目前也已將搜救人員分成3組，在牛埔埤溪擴大範圍漏夜搜索。|https://www.setn.com/News.aspx?NewsID=979157&utm_source=setn.com&utm_medium=viewall&utm_campaign=viewallnews|2021-08-07|
41_20210807_36|女學生浴室洗香香 同棟男大生竟偷拍|社會|桃園市一名21歲胡姓男大生，去年10月間，潛入浴室偷拍租屋處同棟的女學生洗澡，被對方發現大叫時，雖立刻跑出浴室，並刪除影像，但胡男跑進浴室偷拍的畫面都被監視器錄下，桃園地院審理時，考量胡男坦承犯行，態度尚佳，因此依妨害秘密罪嫌判他2月有期徒刑，得易科罰金6萬元，犯罪時所持的iPhone 8手機則一併沒收。判決指出，胡男在桃園市中壢區承租套房，去年10月22日深夜10時許，見住在同棟大樓的女學生在浴室洗澡，便持iPhone 8手機闖進浴室偷拍，女學生見到突然有手機伸入，嚇得立刻驚聲尖叫，讓胡男當場落荒而逃並刪除影像，後續女學生透過房東調閱監視器，揪出偷拍的就是胡男，報警將他送辦。桃園地院法官審理時，胡男用租屋處大樓得自由進出各樓層之便，竟無故到女學生套房外，以手機偷拍沐浴行為，造成對方心理造成相當傷害；考量他雖至今未能與女學生達成調解、賠償損失，但他坦承犯行，態度尚佳，因此依《竊錄他人非公開之活動及身體隱私部位罪》判他2月有期徒刑，得易科罰金6萬元，犯罪時所持的iPhone 8手機則一併沒收。，遭判刑2個月。（示意圖）★ 尊重身體自主權！請撥打113、110★ 不良行為，請勿模仿！|https://www.setn.com/News.aspx?NewsID=979156&utm_source=setn.com&utm_medium=viewall&utm_campaign=viewallnews|2021-08-07|
41_20210807_37|趁疫情趨緩開賭場！自備酒精號召賭客|社會|新北市一名彭姓男子，近日疫情舒緩，三級警戒降級為二級，在三重地區經營流動天九牌賭場，彭男為讓賭客們放心，更特別準備酒精消毒、耳溫槍量測體溫，並備有口罩共人使用；新北市刑大掌握線報，昨天（6日）凌晨持搜索票前往查緝，當場逮捕彭男與張姓清注人員以及24名賭客，並查扣155萬元賭資及相關賭具，訊後依賭博罪嫌將彭男與張男移送法辦，其餘24名賭客則依違反社會秩序維護法裁罰。，一舉逮捕彭男在內共26人。據了解，33歲彭姓男子平時以經營賭場為業，日前由於三級警戒的緣故，因此將賭場暫時關閉，近日見疫情趨緩，並從三級警戒降級為二級警戒，於是重新開業Call客聚賭。，還特別準備口罩、酒精、耳溫槍等防疫物資。而彭男為讓上門賭客放心，還特別準備口罩、酒精、耳溫槍等防疫物資，更不時更換賭博場所，躲避追緝，警方上（7）月底就曾接獲線報前往查緝，最終卻撲空。，一舉逮捕彭男在內共26人。而近日新北市刑大再度掌握情資，發現彭男等人將賭場藏身在一處老舊公寓中，昨天（6日）凌晨，趁眾人賭意正濃之際，持搜索票上門查緝，一舉逮捕彭男、48歲張姓清注人員與24名賭客，此外查扣抽頭金1萬1300元、賭資155萬元、天九牌、骰子等物，訊後依賭博罪嫌將彭男與張男移送法辦，其餘賭客則依違反社會秩序維護法裁罰。，一舉逮捕彭男在內共26人。新北警刑大指出，目前疫情雖趨緩，但仍有室內群聚感染情事發生，尤以群聚賭博整晚在室內風險更高，加上違法行為，警方將持續掃蕩轄區職業賭場，避免引發疫情破口，同時，杜絕賭博歪風。、賭具以及監視器等證物。|https://www.setn.com/News.aspx?NewsID=979136&utm_source=setn.com&utm_medium=viewall&utm_campaign=viewallnews|2021-08-07|
41_20210807_38|1小時2.8萬人！第5輪今加開預約|社會|預約超踴躍！中央流行疫情指揮中心今日下午在疫情記者會上宣布，第五輪疫苗加開第九類53至54歲約5.7萬人上網預約，系統下午4點開放。沒想到僅短短1小時，截至今日下午5點，就已經有2.8萬人完成預約，佔符合預資格人數50.60%。。示意圖。第五輪疫苗為莫德納（Moderna），民眾8月5日10時起，得透過「COVID-19公費疫苗預約平台」預約，符合預約資格對象為65歲以上長者、55歲以上第九類對象預約第一劑，還有1至3類與孕婦等優先對象接種第二劑。系統已於今日12時截止，總計約43.9萬人完成預約，佔符合預約資格人數約85%，比例與過去三期AZ疫苗預約接種狀況相當，並將於8月11日至8月17日施打。指揮中心指揮官陳時中今表示，為利疫苗資源有效利用，經評估剩餘疫苗數量，增加開放「已於7月19日12時前意願登記Moderna疫苗，且為53至54歲之第九類對象」，約5.7萬人，預約接種第一劑，時程為自8月7日16時至8月9日12時止。指揮中心今日傍晚17時補充說明如下：8/7 16:00 - 8/9 12:00預約接種 (截至8/7 17:00)符合預約資格：56,493人。預約人數：28,587人，佔符合預約資格人數50.60%。8/5 14:00 意願登記 (截至8/7 17:00)全國意願登記完成總人數：12,085,319人。(7/27 14:00 以後新增3,813,291人)疫苗登記狀況：AZ：941,333人，佔比7.79%AZ、Moderna：6,221,542人，佔比51.48%AZ、Moderna、高端：686,339人，佔比5.68%AZ、高端：35,577人，佔比0.29%Moderna：3,903,002人，佔比32.30%Moderna、高端：119,717人，佔比0.99%高端：177,510人，佔比1.47%無(已打二劑新登記者)：299人，佔比0.00%（因人數太少，計算至小數點後四捨五入後所致）意願登記高端疫苗總計：1,019,143人(7/27 14:00 以後新登記：622,254人）打第1、2劑登記狀況：意願登記打第1劑：6,712,980人意願登記打第2劑：5,275,986人其中已打2劑：96,353人|https://www.setn.com/News.aspx?NewsID=979124&utm_source=setn.com&utm_medium=viewall&utm_campaign=viewallnews|2021-08-07|
41_20210807_39|新／桃園蘆竹傳女子墜樓 重摔花圃亡|社會|桃園市蘆竹區一處社區，今天（7日）下午2時許，傳出女子從高處墜落的意外事件，桃園市消防局獲報派員到場時，發現女子倒臥在社區花圃，已無呼吸心跳，緊急利用頸圈、長背板固定將她送往林口長庚醫院搶救後，仍於下午3時36分宣告不治，至於女子身分與確切墜樓原因，仍待警方後續進一步釐清。|https://www.setn.com/News.aspx?NewsID=979108&utm_source=setn.com&utm_medium=viewall&utm_campaign=viewallnews|2021-08-07|
41_20210807_40|小貓闖車陣瑟縮車底 暖警救援收編|社會|【 8/7 16:07 發稿 ｜ 17:57 更新：新增影音 】新北市淡水一位民眾，昨天（6日）上午，駕車行經淡金路時，一隻小貓卻突然鑽進他的車底，讓他只能尷尬地停在大馬路上，尋求警方協助，淡水警方到場後，聽到車底不斷傳出「喵喵」的貓叫聲，於是不顧路面濕滑趴在地上，又逗又哄地將小貓救出，順利排除這起「交通障礙」，後續小貓被帶回派出所，睜著又萌又大的眼睛四處打量這陌生的環境，也讓派出所女警瞬間融化，紛紛表示願意收編牠！。淡水警分局表示，中山路派出所警員石永軒與洪嘉佑，昨天上午9時許，接獲報案指出，淡金路內側車道上，有一部車輛突然靜止不動，影響到出淡水往北市方向的車流。，模樣讓所內女警都融化了。2員到場時，男駕駛表示，當時看到有隻小貓在路上橫衝直撞，不少車輛都在閃牠，自己也深怕會輾到牠而停車讓牠先過，沒想到，小貓卻直接鑽進車底，由於害怕移動車輛，會傷害到小貓，才會停在馬路中間不敢移動車輛。。石員不顧當時下著大雨，路面濕滑，整個人直接趴在地上鑽進車底，只見小貓瑟縮地躲在輪軸上不敢亂動，石員見狀小心翼翼地將牠從裡面撈了出來，並將牠揣進懷中，後續也將牠帶回派出所，順利解除這起「交通障礙」。。中山路派出所的女警們看見小貓楚楚可憐的模樣，不禁母愛爆棚，紛紛張羅紙箱、毛巾、食物及飲水，在細心的照護下，小貓漸漸地不再害怕，甚至會撒嬌發出呼嚕嚕的聲音，見到這溫馨又療癒的畫面，派出所的員警紛紛表示這就是牠的家。。淡水警分局提醒，部分動物為了安全感喜歡在狹窄或隱蔽的角落棲息，路邊暫停的車底及引擎蓋等都是常發現小動物躲藏的地方，民眾開車前可以養成看看車底或拍打引擎蓋的習慣，多一份注意或許就能拯救一個小生命。「所貓」。|https://www.setn.com/News.aspx?NewsID=979048&utm_source=setn.com&utm_medium=viewall&utm_campaign=viewallnews|2021-08-07|
41_20210807_41|明霸克露橋遭沖毀 區長：直升機支援|社會|社會中心／黃韻璇報導受到熱帶性低氣壓影響，全台各地大雨豪雨不斷，中央氣象局持續對全國各地發布超大豪雨、大豪雨、豪雨及大雨特報，南部陸續傳出災情，高雄桃源區「明霸克露橋」，因暴漲的溪水不斷地沖刷下已斷裂，目前當地的交通已完全中斷，桃源區長謝英雄也透過臉書喊話，提到「擔心居民如果有身體不適，請求上級指派直升機來支援」。。桃源區長謝英雄在臉書PO文透露當地現況，提到今日下午13：30，經甲仙工務段台20線「明霸克露橋」遭玉穗溪水暴漲沖斷，自勤和里以上鄉親們成為孤島，道路無法通行，「區長擔心居民如果有身體不適，唯有請求上級指派直升機來支援」。謝英雄表示，目前居民糧食足夠應用2週期限，同時也請後山3個里里長加強防災及避難到安全住所，隨時若有任何狀況提報到本區災害應變中心，並請後山鄉親務必聽後里長廣播指揮，災害期間大家一起共體時艱。，3部落成孤島。|https://www.setn.com/News.aspx?NewsID=979099&utm_source=setn.com&utm_medium=viewall&utm_campaign=viewallnews|2021-08-07|
41_20210807_42|乘客塞高鐵苗栗站 苗栗警方出動疏導|社會|社會中心／綜合報導因連日豪雨造成高鐵苗栗段邊坡土石鬆動，影響高鐵的行車安全，造成高鐵僅能行駛至苗栗站，高鐵安排乘客於苗栗站轉搭乘遊覽接駁車到台中高鐵站再進行轉搭，內政部警政署長陳家欽第一時間獲悉後，立即指示苗栗縣警察局給予最大的協助。，乘客塞在苗栗站內。今（7）日為父親節週末返鄉的第一天，大批遊子為返家與家庭慶祝父親節，不料連日的大雨造成高鐵位於苗栗通霄段的邊坡土石鬆動影響高鐵行駛安全，幸好高鐵沿線有偵測系統，無造成事故發生，但也導致高鐵南下僅行駛至苗栗站，北上緊行駛至台中站，再搭乘接駁車往返「台中-苗栗站」。，協助高鐵疏導乘客。這也造成乘客頓時聚集在高鐵苗栗站，內政部警政署長陳家欽獲悉後，立即請所轄苗栗縣警察局局長周煥興給予協助，請竹南分局林永勝到場，並請交通隊、保安隊員警共15名警力支援，會同鐵路警察局及高鐵公司同仁交通疏導，讓乘客放心，也轉達署長對同仁執勤辛勞的慰勉。同時也提到，感謝所有乘客的配合，大家井然有序的配合高鐵公司及警察的秩序維護，雖然耽誤到大家返鄉的時間，但也能平安的返家與家人度過一個不一樣的父親節，在此也祝全天下的爸爸，父親節快樂！「台中-苗栗站」|https://www.setn.com/News.aspx?NewsID=979087&utm_source=setn.com&utm_medium=viewall&utm_campaign=viewallnews|2021-08-07|
