item_id|title|category|content|link|date|photo_link
politic_20210808_1|蘇揆駁審計部 三倍券大成功|政治|審計部質疑去年三倍券發放欠嚴謹，且實際效益僅為推估，亟須檢討改善策略，但行政院長蘇貞昌昨日駁斥說，去年三倍券「大成功」，近2333萬人領取，創造1000多億元經濟效益，今年疫情爆發，最受衝擊的就是內需、餐飲、零售、百貨，有信心再造去年成功經驗。行政院稱，去年三倍券帶動千億元經濟效益，不過，審計部認為，經濟部中小企業處僅以假設每人平均消費金額為5800元，推估能創造1352億元消費效益，完全沒有資料可以佐證，打臉行政院對外聲稱三倍券帶動千億元經濟效益。對於振興措施，蘇貞昌昨受訪表示，去年三倍券大成功，近2333萬人領取，創造1000多億元經濟效益，零售、百貨各方面的銷售額都創歷史新高。今年疫情爆發，最受衝擊就是內需、餐飲、零售、百貨等，有信心再比照去年三倍券成功的例子，再精進、再加碼，最後定案時，會跟社會大眾報告，同時也會先跟黨團溝通，希望能夠更成功。然而，民進黨英派立委陳明文、羅致政、蔡易餘、莊瑞雄等人，先前提出排富發現金，綠委陳瑩也主張發現金；綠委鍾佳濱希望五倍券應分為振興券與紓困券兩種；綠委陳素月、黃國書、賴品妤則希望五倍券將幼教、安親及補習班納入適用範圍。對此，政院官員表示，確實有跟民進黨團開會溝通振興措施，但時間還沒確定，希望藉由溝通說明政策方向，並傾聽立委及各界提出的意見，題目不設限，與會成員預計包括黨團幹部、委員會召委等人，時間、地點及成員，政院持續與立院黨團討論。據悉，行政院原本規畫9日在行政院舉行政策溝通會議，邀集立院黨團幹部、執政黨所屬委員會召委及政策小組召集人溝通。但近期南部豪雨成災，且僅有黨團幹部及政策小組召集人與會，缺乏廣納各種不同聲音，最終臨時決定改期。|https://www.chinatimes.com/newspapers/20210808001359-260102|2021-08-08|https://images.chinatimes.com/newsphoto/2021-08-08/330/B02A00_P_04_02.jpg
politic_20210808_2|國民黨轟三倍券效果 黑的拗成白|政治|行政院宣稱三倍券帶來上千億經濟效益，儘管遭審計部打臉，今年仍準備發放五倍券。國民黨立委賴士葆批評，顢頇傲慢的政府，膨風三倍券政績，黑的硬要說成白的，一根鵝毛被渲染成一隻鵝，實際上，五倍券效果如同高端保護力，無法讓人信服；民眾黨立委張其祿則呼籲政府懸崖勒馬，改採排富後普發現金，特別預算的編列不能成為討好選民的大撒幣方案。賴士葆表示，面對三倍券擾民又不實用的前車之鑒，蘇揆卻霸氣顢頇宣導有1352億經濟效益，即便被審計部打臉稱擴大推估難以反映事實，仍不斷大肆宣傳，並無視輿論對五倍券反對聲浪，政院應該檢討。賴士葆認為，若政府擔心民眾把錢存起來理由成立的話，那麼動輒幾百億、上千億元的紓困現金，是否應全數改發振興券來振興經濟？國民黨立委洪孟楷則分析去年三倍券新聞表示，去年三倍券有7189則新聞曝光，反觀現金入帳僅311個新聞話題，現金紓困則僅有465個，遠遠落後10倍之多，強烈懷疑「宣傳效應極大化」是否就是蘇貞昌心裡所追求的「發券效應」？藉機轉移防疫不力焦點，進行大內宣，達到民進黨民調保衛戰目的。民眾黨立委張其祿則表示，防疫及紓困並非政府的空白支票，相關特別預算應把資源用在刀口上，尤其是齊頭式發放振興券，資源錯置於不需要紓困的富者身上，呼籲政府宜懸崖勒馬，盡速修正振興五倍券計畫，改採排富後普發現金。張其祿強調，政府預算及財政的規畫應理性客觀，以免導致政府財政工具的扭曲及偏差，更不是讓政府可以透過特別預算編列，規避正常預算監督程序，成為討好選民的大撒幣方案。|https://www.chinatimes.com/newspapers/20210808001361-260102|2021-08-08|https://images.chinatimes.com/newsphoto/2021-08-08/330/B02A00_P_05_02.jpg
politic_20210807_3|看完這份民調 郭正亮：蔣萬安選市長出現危機|政治|近日民眾黨近期悄悄釋出一份的2024總統大選民調，藍、綠各鎖定侯友宜和賴清德，再加上柯文哲來做對比，結果以侯友宜的29％最多，賴清德則以28％緊追在後，柯則以18％居末位。前民進黨立委郭正亮直言，柯文哲民調實際上沒那麼高，但確實會造成2022台北市長選舉，國民黨可能參選的蔣萬安出現危機。國民黨立委蔣萬安。(圖/本報資料照)郭正亮5日接受資深媒體人余苺苺的廣播專訪，被問及如何看待民眾黨的未來，他表示，近期某基金會公布的民調，民眾黨太高了，就他觀察，實際上沒有那麼高，在一些傳統如《美麗島民調》的政黨支持度，民眾黨只有4-5%而已。余苺苺問他，「柯文哲有那麼高嗎？」郭正亮說，他個人不太相信，但氣勢的確是有所提升，這會造成台北市長選舉，國民黨可能參選人蔣萬安立委的危機，因為北市副市長黃珊珊若2022參選，就可能會分到蔣萬安的票，如果分到10幾趴的得票，就可能讓民進黨撿到，因為未來可能得票過45%就過當選門檻了。郭正亮也坦言，國民黨現在氣勢真的太弱了，蔣萬安在近2個月疫情爆發的階段，都沒有扮演有力的監督角色，他顯然太過於瞻前顧後，尤其台北市的疫情熱度還算高，卻監督成這樣，沒有大力表態，是要怎麼當台北市長？|https://www.chinatimes.com/realtimenews/20210807004302-260407|2021-08-07|https://images.chinatimes.com/newsphoto/2021-08-07/330/20210807004305.jpg
politic_20210807_4|蘇貞昌自吹疫苗覆蓋率亞洲名列前茅 藥師一句酸爆|政治|行政院長蘇貞昌表示，台灣疫苗覆蓋率自5月16日不到1%，現在已逾910萬人施打疫苗，劑次人口比已達38.8%，在亞洲名列前茅。藥師林士峰打臉表示，台灣接種第一劑的人是866萬人，第一劑跟第二劑都施打的人是49萬人，沒有施打第一劑的人要怎麼施打第二劑？台灣目前完整接種的人數還是太低。針對蘇貞昌910萬人施打疫苗的說法，藥師林士峰7日在臉書貼文表示，院長，你的數據怎麼跟我們看的不一樣，台灣接種第一劑的人是866萬人，第一劑跟第二劑都施打的人是49萬人，沒有施打第一劑的人要怎麼施打第二劑？所以台灣施打疫苗的人數是866萬人才對，而且完整接種的人才49萬多人次，才2.1%而已。而白宮發言人莎琪剛證實，目前研議要求打完兩劑疫苗才可入境美國。台灣目前完整接種的人數還是太低。林士峰舉亞洲其他國家接種的狀況為例表示，日本施打第一劑佔46.6%，完整施打的佔33%；印度施打第一劑人數佔28.8%，完整施打的人數佔8.2%；大陸第一劑人數近100%，完整施打的人數佔15.9%；印尼佔18.6%，完整施打的人數佔8.6%。網友回應表示，「什麼啦，我37歲都沒打到疫苗，什麼覆蓋名列前茅？！他滿嘴毛啦。」、「我是第9類，47歲還沒有打到第一劑，又說卡通話了。」、「他意指政府官員完成第二劑施打率啦！他一直都辭不達意，鬼打牆不是嗎？」、「我們有這種想辦法講好聽的話告訴我們的『行政院長』，是應該高興，還是難過？」、「打的疫苗大部分是人家送的，還有臉說名列前茅。」|https://www.chinatimes.com/realtimenews/20210807004300-260407|2021-08-07|https://images.chinatimes.com/newsphoto/2021-08-07/330/20210807004307.jpg
politic_20210807_5|2024大選 吳子嘉語帶玄機：柯P會支持賴清德或侯友宜|政治|民眾黨7日公布黨內針對2024總統大選所作民調，結果顯示，國民黨籍的新北市長侯友宜以29%領先、民進黨籍的副總統賴清德28%居第二，民眾黨主席、台北市長柯文哲則以18%墊底。媒體人吳子嘉語帶玄機地表示，2024總統大選，柯文哲可能會支持賴清德或是侯友宜？美麗島電子報董事長吳子嘉7日在《董事長開講》節目中指出，柯文哲的民調18%，這是成事不足敗事有餘。至於柯文哲會支持賴清德或侯友宜？吳子嘉說，因為柯文哲的支持者大部分是藍軍，而他和賴清德又是老朋友。他有可能和賴清德合作嗎？台灣未來最麻煩的一個問題就是，柯文哲是什麼角色？是一個Trouble maker，還是負責經營國家的一個總統候選人？他建議柯文哲和侯友宜要相處愉快，雙北首長結合起來，力量無限大。有網友問到賴清德2024總統選舉勝選最大的障礙？吳子嘉表示，因為總統蔡英文現在支持桃園市長鄭文燦，鄭文燦又有新潮流挺他；賴清德身邊則只有民進黨前主席卓榮泰、民進黨前秘書長羅文嘉、前總統陳水扁幕僚馬永成幾個人，他把陳水扁的舊部都「圈起來」，有5、6個。他原本在公館請吃飯，現在因疫情的關係，不能一起吃飯了，就只能每天看電視。民眾黨7日公布黨內2024總統大選民調，假想敵分別為侯友宜、賴清德。結果顯示，侯友宜支持度29%居冠、賴清德28%居次，柯文哲則以18%墊底。民眾黨認為，柯文哲還是有勝算。柯文哲則舉股票為例說，如果每天去盯著那個股票上上下下，很快自己就會先精神分裂。|https://www.chinatimes.com/realtimenews/20210807004215-260407|2021-08-07|https://images.chinatimes.com/newsphoto/2021-08-07/330/20210807004224.jpg
politic_20210807_6|陳其邁領高雄市府總動員 緊急應變|政治|受輕颱盧碧轉為熱帶低氣壓及西南氣流影響，中央氣象局發佈高雄為超大豪雨特報，高雄市政府首長總動員進行應變，由市長陳其邁親赴雨量最大的六龜山區亦責成副市長史哲、羅達生前往，副市長林欽榮則坐鎮水情中心掌握整體情勢、進行調度協調外也機動出外巡視。林欽榮於今(7)日在應變中心召開會議時感謝防災人員辛勞，並請各公所嚴陣以待，面臨大潮，位處於沿海低窪地區嚴防海水倒灌，做好防水閘門等應變作為。陳其邁帶領高雄市府前防災總動員。（圖：高雄傳真）林欽榮表示，受到連日降雨影響，高市強制撤離(含預防性撤離)計2160人，請民政局、原民會及水情中心等相關單位，留意雨勢及災情即時通報，山區嚴重性高於平地，山區長時間降雨已造成道路土石崩塌災情，請工務局、警察局、公路總局及區公所等密切保持聯繫外，也要依標準作業程序進行道路封閉及管制，河川水位高漲達到封閉標準，請隨時通報掌握。陳其邁帶領高雄市府前防災總動員。（圖：高雄傳真）由於目前至少有七個山地區有土石流警戒，林欽榮拜託上述各區應預先與八軍團先行聯絡、預置兵力，派置的警消人力主動協助保全人員及必要撤離工作。市區預估降雨量也達到400毫米，易淹水地區及車型地下道務必加強巡查、排水溝渠通暢，水利局移動抽水機隨時待命，而民政局也準備2萬多個沙包供取用，面臨大潮，位處於沿海低窪地區嚴防海水倒灌，做好防水閘門等防水應變作為。針對未來降雨情勢分析，根據工作會議簡報指出，7、8日受到熱帶性低氣壓及西南氣流影響，易有短延時強降雨，西半部慎防局部豪雨等級以上降雨發生，預報熱低壓今晚將脫離台灣陸地後，西南氣流逐漸減弱，仍維持西南風環境，但降雨規模、強度和累積雨量將逐漸減小。但山區將有持續性降雨，連日降雨且發布土石流警戒，須嚴防坍方落石及溪水暴漲。截至目前為止，共發布高雄市有99條土石流警戒，其中，紅色警戒93條，包括那瑪夏14條、甲仙17條、杉林4條、桃源16條、六龜31條、茂林3條、美濃8條。黃色部分，旗山8條、美濃1條、桃源8條。另外，也發布茂林區萬山部落大規模崩塌紅色警戒。林欽榮除坐鎮指揮中心掌握整體降雨情勢，一早亦率同水利局人員，前往大寮區林園排水護岸損壞災害復健工程、鳳山溪排水7K+500(中崙國中後方)護岸災修工程，出外現地視察，隨後，轉往水情中心召開0805豪雨應變中心第2次工作會議。|https://www.chinatimes.com/realtimenews/20210807004167-260407|2021-08-07|https://images.chinatimes.com/newsphoto/2021-08-07/330/20210807004171.jpg
politic_20210807_7|這2件事是侯友宜2024最大難題 郭正亮看完民調吐實情|政治|"新北市長侯友宜過去一年多來在防疫工作，在多份六都市長施政滿意度調查上，侯滿意度皆奪冠。也讓外界對於他2022地方選舉、2024總統大選動態受到討論。對此，前民進黨立委郭正亮直言，若侯友宜真的被徵召參選2024，那他首先要面臨「2022年選不選連任，以及參選後新北市長要由誰接棒和能否選上」的問題。前民進黨立委郭正亮。（資料照片）郭正亮5日接受資深媒體人余苺苺的廣播專訪，談及2024大選，郭正亮先是表示，若國民黨不是侯友宜出來選，而是由其他人出戰就很難贏。余苺苺問郭正亮，「侯友宜自身的意向和動態如何？對於侯面臨的難題有何看法？」郭正亮說，侯現在可能個人「內心有想法」，但國民黨非常深藍的群眾可能未必會支持他，到現在也是如此，但他在民調的施政滿意度名列前茅，民調也是不時得第一，其實還是值得觀察他和國民黨的互動。余苺苺問郭，「假若侯友宜真想選，那第一個難題是不是新北市長做好做滿的問題？」郭正亮指出，的確，這個問題必須要由黨來做決議，幫他解套，這是國民黨的技術問題。郭正亮並解釋，若從民調來看，侯友宜的「前長官」要選2024，是不太可能會上的，只有侯友宜有贏面。但他認為，侯友宜難題除了市長任期之外，最大問題可能是要解決，若他去選總統不選連任，會有2年空窗沒有職位的問題，這風險其實是很高的，且還有由誰接手選新北市長的問題，這也很棘手。"|https://www.chinatimes.com/realtimenews/20210807004161-260407|2021-08-07|https://images.chinatimes.com/newsphoto/2021-08-07/330/20210807004164.jpg
politic_20210807_8|侯友宜出戰2024總統大選勝算有多少 吳子嘉給出數字|政治|針對2024年總統大選，各黨派熱門人選紛紛出籠。前新北市長朱立倫點名新北市長侯友宜是國民黨最強候選人。媒體人吳子嘉預測，侯友宜2024若參選總統，勝算超過5成。有網友7日在網路節目《董事長開講》中問到侯友宜2024大選會出來嗎？美麗島電子報董事長回說，侯友宜不出來，國民黨必敗。侯友宜若出戰2024，勝算超過5成。因為他長期分析侯友宜的民調，做了好幾年，發現侯友宜會吃到民進黨的票，侯2024會贏。侯友宜也很特殊，他長期跟美國關係很好，在結構上，他出來的機會非常大。被問到侯友宜第二任還沒做完市長出戰2024，會不會是他選2024的障礙？吳子嘉對此表示，這個問題很單純，國民黨要處理，如果用徵召就沒有問題；如果沒有徵召，自己拿著支票去報名，會很難看。若台北市長柯文哲2024沒有參選，國民黨和民進黨「兩腳督」的支持度會是如何？吳子嘉指出，侯友宜會贏，因為民進黨內部做過民調，幾乎天天做，他們最怕侯友宜。侯友宜是藍皮綠骨，他吃到民進黨票的能力超過柯文哲。民眾黨7日公布黨內2024總統大選民調，假想敵分別為侯友宜、賴清德。結果顯示，侯友宜支持度29%居冠、賴清德28%居次，柯文哲則以18%墊底。|https://www.chinatimes.com/realtimenews/20210807004141-260407|2021-08-07|https://images.chinatimes.com/newsphoto/2021-08-07/330/20210807004162.jpg
politic_20210807_9|高雄再現「天坑」 黃子哲酸：陳其邁像個阿斗市長？|政治|連日暴雨讓高雄再現「天坑」，國民黨文傳會副主委黃子哲批評，市長陳其邁已經集三千寵愛於一身，今年中央還給他23億多元的厚禮做「路平」，結果道路的坑洞依然遇水則發，難道陳其邁真的像個「阿斗市長」？黃子哲表示，高雄連日下雨造成道路塌陷，連「天坑」都再現，道路的品質令人堪憂。天災的部分，尚可理解；但人禍的過失，就責無旁貸。尤其陳其邁過去競選市長時，曾發下豪語，道路施工要以「東京都」為標準，還要成立「路平監督委員會」嚴格檢視。黃子哲批評，如今陳其邁上任市長一年，東京都辦了奧運，說好的「路平監督委員會」，卻也不見設立，當時的豪語，原來一遇豪雨也是破功。黃子哲說，陳其邁在2018年市長選舉時敗給韓國瑜，去年靠著「罷韓國家隊」的加持下，如願敗部復活。陳其邁即便當上了市長，依然外有中央政府獨厚，內有假公民團體護航，堪稱「好命子」，令人欽羨。他指出，為了幫陳其邁做好路平，行政院今年1月就已經透過前瞻基礎建設及道路刨鋪工程補助款，塞了23.7億元給高雄市，沒想到中央已經做球成這樣，陳其邁還是照樣出包。他說，就算是因雨而無可避免的坑洞，依照陳其邁當時的競選承諾，也應該有SOP在8小時內修補完畢。但這次凱旋四路與瑞田街口路面塌陷，依副市長林欽榮的說法，是在8月3日下午4點獲報，在隔天的清晨5點30分修復完成開放通車。他質疑，坑洞修補的時間超過半天，達13.5小時，哪來的8小時SOP？況且外界還指稱其實在2日就已經有民眾通報，前後拖了三天。原來陳其邁自己開的政見，是「僅供參考，跳票剛好」。另外，黃子哲表示，外界批評高雄市宛如「天坑之城」時，罷韓不遺餘力的Wecare假公民團體在臉書抨擊，治水路平只是韓國瑜自我吹唪的神話，是韓導在吹牛皮；現在陳其邁出包，就拉韓國瑜想「韓蓋」過去，這再度讓Wecare露餡了，他們根本就是民進黨的同路人。|https://www.chinatimes.com/realtimenews/20210807004044-260407|2021-08-07|https://images.chinatimes.com/newsphoto/2021-08-07/330/20210807004045.jpg
politic_20210807_10|蘇貞昌視察水災應變中心 要求各部會持續緊盯應變作為|政治|蘇貞昌至中央災害應變中心視察，了解各地災情。（行政院提供）行政院長蘇貞昌今（7）日視察「0806水災中央災害應變中心」，要求各部會持續緊盯相關應變作為，尤其是農產和民生物資供應、水電維生系統，民生用水濁度管控應預先因應，務必做好防災、減災；災損、農損部分應盡快辦理補助。蘇貞昌也與中南部縣市首長視訊，了解各地防災整備情形。蘇貞昌表示，盧碧颱風雖已減弱為熱帶性低氣壓，但受外圍環流及西南氣流等影響，全台雨勢大，中南部出現受災情形。適逢大潮又經頻繁地震後，相關部會均不能掉以輕心，須嚴加戒備、多方預防、超前部署、減少災害，並向民眾充分溝通說明，將相關作為及資訊在第一時間讓民眾了解，並請各部會務必做好防災、減災，並就災損盡快進行補助及救助。蘇貞昌指出，第一線的地方政府也努力做好防災整備，他也與中南部等縣市首長視訊，關心各地防災整備及農損等情形，並指示相關部會給予地方協助。如有必要撤離民眾，請警政署、國防部配合，尤其強制撤離必須把握時間，不能猶豫，並請於撤離過程中注意防疫。蘇揆特別提醒，今天傍晚開始大潮，也須加強警惕，請相關部會持續緊盯應變作為。頻繁地震後，豐沛的大雨往往帶來無法預測的災害，大家務必戒慎恐懼，多一分準備及防禦，少一分災害。|https://www.chinatimes.com/realtimenews/20210807004019-260407|2021-08-07|https://images.chinatimes.com/newsphoto/2021-08-07/330/20210807004020.jpg
politic_20210807_11|執意要發5倍券 蘇貞昌與基層脫節？ 郭正亮曝可怕內幕|政治|行政院擬發振興5倍券，行政院長蘇貞昌今(7日)出席汐止活動時表示，去年3倍券大成功，創造1000多億元經濟效益，今年也有信心再造去年成功經驗，只要定案一定會向各界報告。不過，前民進黨立委郭正亮直言，去年情況和今年不一樣，且去年有60%到70%的3倍券是被大賣場和連鎖店賺走，他忍不住痛批蘇貞昌與基層脫節，「太可怕了」。郭正亮今天在政論節目《新聞大白話》中表示，蘇揆對去年3倍券的理解有誤，因為去年台灣沒有疫情，歐美很多台灣的第二代都回來避難，人數超過20萬人，「去年高檔餐廳爆滿，怎麼可能是三倍券帶來的？」但今年剛好倒過來，5月15日台灣本土疫情爆發後，他們又回去歐美了，因為歐美那時候疫情好轉。郭正亮指出，去年7月台灣沒有疫情，頂多國際旅遊暫停，所以主要是讓旅遊、餐飲業透過3倍券增加國內消費，受疫情重創老百姓也較少，去年有發現 弱勢族群、中低收入戶有121萬人左右，這些人不用拿1000出來，而今年這群人大量增加，可是他還是用既有的基準，這會忽略掉非常多需要紓困的人，這就是很多立委們走基層感受到的，很多人生活非常艱苦，希望立即得到紓困，但很多支出不能使用5倍券，比如電費、學雜費、房租等等。郭正亮直言，去年有人發現，有60%到70%的3倍券，是被連鎖店和大賣場洗走，因為他們可以提供大量附加價值，根本就照顧不到中小服務業，「完全跟基層脫節，真是可怕，他以前也當過縣長，不知道是不是太久沒走基層？所以現在對基層感覺真的很脫節」。郭正亮認為，振興是另外一件事，而紓困和振興可以同時進行，如果振興又用這種模式，一定又被連鎖店和大賣場吃掉大部分，事實上沒有幫助到要幫助的人。|https://www.chinatimes.com/realtimenews/20210807003948-260407|2021-08-07|https://images.chinatimes.com/newsphoto/2021-08-05/330/20210805006541.jpg
politic_20210807_12|柯文哲2022選高雄 她選新竹？吳子嘉聽到內幕嚇壞|政治|2022九合一縣市長選舉，僅剩1年多的時間，藍綠白各陣營也陸續展開布局。對此，《美麗島電子報》董事長吳子嘉直言，他前一段時間，聽過一個消息流傳，現任台灣民眾黨黨主席的台北市長柯文哲，2022可能選高雄，這說法讓他嚇一大跳，因為若柯跑去選高雄，現任市長陳其邁會嚇到作惡夢。吳子嘉７日在YouTube「董事長開講」直播節目表示，2022民眾黨最重要的是就是柯文哲，他一定要找一個縣市選舉，吳子嘉透露，自己之前聽過一個軼聞說法稱「柯文哲2022考慮選高雄」，這說法讓他嚇一跳，因為若柯跑去選高雄，陳其邁會嚇到作惡夢，這說法曾經流傳過。但一同主持的台灣民眾黨宜蘭縣黨部主委李偉華直呼，「這不太可能吧!」。台灣民眾黨立委高虹安。(圖/翻攝自 高虹安臉書)吳子嘉也說，柯文哲2022非選不可，因為他若不選，就沒有戰場，尤其他現在的民調要高過領導的民眾黨，這代表他明年一定要搶到地盤，他建議柯文哲2022縣市長選舉可搶佔桃竹地區，柯文哲去選桃園市，讓立委賴香伶去選新竹，高虹安選台北市，現任副市長黃珊珊，他認為暫不適合在明年出戰，若民眾黨都拿下，這樣就可以三角化經營，因為台灣的第三大黨一直沒能壯大的原因就是因為「沒地盤」。台灣民眾黨黨主席、台北市長柯文哲。(圖/本報資料照)對於高虹安近期在新竹市成立服務處有意角逐市長，吳子嘉也指出，其實柯文哲和民間某企業老闆都是鼓勵高虹安選新竹的。對於有網友好奇問吳子嘉，「高虹安選新竹市會不會當選？」，吳說，沒意外她一定會當選，但是高虹安條件這麼好，既年輕學經歷佳、談吐又好，這樣的人才去選新竹市實在太可惜。他個人認為，高虹安應該去選台北市。|https://www.chinatimes.com/realtimenews/20210807003913-260407|2021-08-07|https://images.chinatimes.com/newsphoto/2021-08-07/330/20210807003918.jpg
politic_20210807_13|蘇貞昌讚三倍券大成功 葉元之：早被審計部打臉|政治|行政院振興方案擬推出「五倍券」，行政院長蘇貞昌今（7）日上午表示要再造「三倍券」成功經驗。新北市議員葉元之下午在臉書發文，吐槽三倍券的效益早被審計部打臉，蘇貞昌卻完全無視。葉元之表示，蘇貞昌說行政院要發五倍券，是因為去年三倍券大成功，創造了1000多億元經濟效益。但這數據早就被監察院審計部公開打臉，而蘇貞昌竟完全無視。葉元之指出，根據審計部的報告，經濟部僅以數位三倍券每人平均消費5800元，就推估三倍券創造1352億元消費效益，這部分沒有資料可以佐證。葉元之說，蘇貞昌認為去年三倍券有2333萬人領取，就是大成功。然而，雖然大家比較支持發現金，但政府執意不這麼做，要發券給大家，多數人仍會認為不領白不領，去領不代表是支持政府這樣做。更重要的，今年的狀況和去年很不一樣，今年疫情更嚴重，生活受到衝擊的人比去年多很多，發現金取代振興券，不僅可以讓生活受困的人付日常生活開支，同時可讓不受影響的人因為得到一筆額外財，產生多消費的動機，一舉兩得。|https://www.chinatimes.com/realtimenews/20210807003892-260407|2021-08-07|https://images.chinatimes.com/newsphoto/2021-08-07/330/20210807003893.jpg
politic_20210807_14|2022民進黨大敗機率高嗎 媒體人答案出乎意料|政治|距離2022年縣市長選舉，僅剩1年多的時間，各陣營積極布局；但因國內本土疫情爆發及疫苗短缺問題，讓民進黨政府左支右絀。資深媒體人董智森分析認為，因為民進黨操控媒體和網路，而且民進黨太會選舉了，所以他不覺得民進黨2022的選情不樂觀。有網友7日在政論節目《新聞大白話》問到，民進黨明年地方選舉大敗的機率高嗎？董智森分析指出，因為民進黨現在操控著媒體，很多東西實際上是看不出來的，民進黨也非常操控網路，雖然我們現在很憤怒，但民進黨在選舉時非常會造勢，而在反中的部分，民進黨面對選舉時可說是駕馭自如，所以他不覺得民進黨的選情會不樂觀，因為他們實在太會選舉了，很多事情也還在甩鍋。董智森認為，現在所有的錢，都在民進黨的手中運用，它要給哪些地方去做淹水的名目，或者是在疫情上它已經大小眼很明顯，加上最近地方非常多的補助狀況，都是由他們按個人的喜好來發放。所以對民進黨來講，他們根本不太在乎，現在被你們罵一罵就算了，但是2022年地方選舉，藍軍的選情不會樂觀。|https://www.chinatimes.com/realtimenews/20210807003790-260407|2021-08-07|https://images.chinatimes.com/newsphoto/2021-08-07/330/20210807003813.jpg
politic_20210807_15|蔡政府5倍券不發現金 徐巧芯：他搞不清狀況|政治|國內疫情近期逐漸趨緩，政院著手研擬發放振興5倍券來提振經濟，將朝紙本、數位並行推出，且不同於3倍券，5倍券將新增面額1千元，總張數從9張增為10張，不過審計部質疑去年3倍券發放欠嚴謹，國民黨也質疑此舉與民眾期待發放現金也有所落差，讓5倍券還未發放就引起外界討論。對此，台北市議員徐巧芯直言，蘇貞昌根本搞不清楚狀況。台北市議員徐巧芯。(圖/本報資料照)民進黨立院黨團6日表示，發現金民眾可能存起來，對經濟沒有加乘效果，日本發了現金，結果儲蓄率大增，只有六到七成用於消費。行政院長蘇貞昌今天出席汐止活動則表示，去年3倍券大成功，創造1000多億元經濟效益，今年疫情再爆發，最受衝擊的就是內需、餐飲、零售、百貨，只要定案一定會向各界報告，也會跟黨團先溝通。徐巧芯7日上TVBS政論節目「新聞大白話」，談及5倍券，她表示，其實消費券使用期限有半年的時間，若除以5，一個月8百多元，哪個人一個月花不到8百多元的？光是吃飯錢就超過了，難道蘇貞昌是覺得台灣民眾的消費力很低落嗎？而且若真有這種人，代表這些人過得非常不好，就算真的存起來，對他(她)們也是幫助。徐巧芯強調，這代表蘇貞昌根本沒有搞清楚台灣的社會結構，中產階級每個月消費的錢本來就會超過這幾千元的振興券，尤其是在這半年期間，中產階級勢必會拿去花掉，就算不是中產階級，中低收入族群經濟不是那麼好的，發現金也是給這些人的救命錢，蘇貞昌還管這些人會不會去存起來？為甚麼要跟這些人計較？是把人民當賊去防？徐坦言，這是最糟糕的地方。|https://www.chinatimes.com/realtimenews/20210807003766-260407|2021-08-07|https://images.chinatimes.com/newsphoto/2021-08-07/330/20210807003768.jpg
politic_20210807_16|為何要用1千元去換5倍券 綠委竟回一句旁人笑翻|政治|隨著疫情趨緩，行政院將比照去年3倍券模式發行5倍券，採1000元換5000元的「振興5倍券」方案，但不少民眾認為直接發現金的方式比較有感。被問到為何要花1千塊來換券？民進黨團副幹事長林俊憲表示，政府會決定拿錢來換券，一定是有它的原因，「只是我還沒有想到」。此話一出口，旁人不禁笑成一團。林俊憲6日在政論節目《新聞面對面》中表示，振興券發放大概有兩種方式︰你可以挑數位券，就不用去排隊；也可以挑實體券，可以自己選擇。現在有不同的意見，就是為什麼要花1千塊來換券？會這樣決定拿錢來換一定是有它的原因，他坦言：「只是我還沒有想到」。林俊憲此話一出，讓大家笑成一團。為什麼要花1千塊來換券？資深媒體人尚毅夫對此表示，原因就是，你花了1千塊，你會把它花出去。林俊憲指出，這怍法當然對經濟的刺激當然有，但卻沒有考量到一般人的觀感以及政治的那種效應，如果是用純經濟學來算，而後在實際政策上去推動，這樣是不行的。林俊憲接著表示，我們要製造市場的經濟動力，但是那些店家當然要先活。假設後來又發放900億，12月3日就要完成，至少有增加900億，當然不會全部花光，但至少會增加一定的零售消費動能，這是必要的，也就是所謂的救急，這和紓困是不一樣的原理；紓困有一個特色，世界各國的執政黨幾乎都是普發，而在野黨會反對。|https://www.chinatimes.com/realtimenews/20210807003730-260407|2021-08-07|https://images.chinatimes.com/newsphoto/2021-08-07/330/20210807003756.jpg
politic_20210807_17|大雨狂炸釀災政府卻2266 施正鋒曝綠營3大咖窘樣|政治|今(7日)全台受熱帶性低氣壓及西南氣流影響，多個縣市都下起豪雨，連日關注東奧選手表現而招致在野黨批評的總統蔡英文，也在臉書貼出一張停班課地區照片，提醒大家做好防災準備，引起各界熱議。東華大學教授施正鋒分析了民進黨政府最近的表現後直言，這個政府2266的，衛福部長陳時中看起來皮皮的，行政院長蘇貞昌看起來很生氣，而蔡英文則是不知道要怎麼撒嬌。施正鋒7日在政論節目《新聞大白話》中表示，執政要考慮兩件事，一個未來願景，還有就是現在日常的食衣住行要處理好，雖然有預算在這邊，但因為全面執政了，不想要的法案大概不會過，立委們也都沒事做，平常就是總統帶個部會首長出去，寫個支票簿綁樁，但平常那些東西要去巡視，以前也是要去巡田水，知道一下哪邊發生事情。施正鋒認為，蔡英文沒吃過苦，對這些事情沒有感覺，他還直言，不要說辯論，蔡英文就連平常在念稿的時候都非常難過，怕得要死，且他幾本上不會去碰這些事情，而現在立委更扯，只會綁樁，其他什麼都不會。同時，今天蘇貞昌與縣市首長們召開視訊會議時，對設備問題感到十分不滿，施正鋒則指出，震怒只是在轉移焦點，但他覺得很荒謬的是，民進黨每個禮拜不是都會開中常會？又不是沒有視訊過？難道他上台到現在都沒視訊過？「我也覺得很奇怪，那些東西應該是先去測試，我要去演講，事先就測試了兩次，整個行政院都像死人一樣，沒人去處理，家裡沒大人？」對於陳時中被問許多問題，他都推說不知道、忘記了，施正鋒直言，這個政府就是2266，很皮的樣子，「陳時中就皮皮的，院長很生氣的樣子，總統現在不知道怎麼撒嬌」。|https://www.chinatimes.com/realtimenews/20210807003735-260407|2021-08-07|https://images.chinatimes.com/newsphoto/2021-08-07/330/20210807004103.jpg
politic_20210807_18|趙少康質疑怎麼催不到疫苗？陳時中回應了|政治|陳時中今（7）日記者會。（取自中時新聞網直播）對於趙少康質疑，其他國家都催得到疫苗，「我們怎麼催不到貨？」催才有疫苗，不催是沒有疫苗的！衛福部長陳時中今（７）日回應，我們幾乎每一天都會跟不同原廠做各種談判，希望能夠照時序進來，有時候也會追到一點點，沒有600萬這麼大的數目。趙少康6日在TVBS《少康戰情室》指出，韓國政府開記者會表示，經與莫德納積極爭取，莫德納同意8月將到貨1千萬劑疫苗；日本首相也於7月23日與輝瑞首席執行長在日本東京迎賓館吃早餐，也要求BNT疫苗，原本預計在7月到9月提供7000萬劑，後來加碼到7600萬劑。趙少康質疑，「他們都催得到貨，我們怎麼催不到貨？」現在不夠，總得催貨吧？日本首相、韓國總理都出面，以色列也是總理去催貨，美國總統也找輝瑞執行長開記者會，蔡英文除了每天去刷奧運選手、發臉書，「妳也可以關心關心疫苗」，那個（關心奧運）很重要，這也很重要。「我若是陳時中，就派副指揮官，直接殺到BNT或莫德納原廠去要求，每天纏他」，現在貨不夠，只有靠這個，催才有疫苗，不催是沒有疫苗的！對此，衛福部長陳時中今（7）日在疫情記者會中回應，日本可能是原來有一個排程，現在去追。「我們有時候也會追到一點點」，沒有600萬這麼大的數目，因為他們原來排程是甚麼時候，我們不清楚，這時候每個國家都盡力在爭取在排程內準時供貨，甚至也不排除希望能夠更早。現在更早的機會幾乎是沒有，相信日本的情況是原來有排進來，遲延之後在爭取往前排，這可能性相對更高，「不過我沒辦法完全回答這個問題」，我們幾乎每一天都會跟不同原廠做各種談判，希望能夠照時序進來。|https://www.chinatimes.com/realtimenews/20210807003587-260407|2021-08-07|https://images.chinatimes.com/newsphoto/2021-08-07/330/20210807003589.jpg
politic_20210807_19|2022盧秀燕最強對手是她嗎 知情人曝綠營內幕|政治|"國內疫情逐漸降溫，也讓三級警戒期間，各縣市首長防疫表現是否能獲2022連任備受討論，台中市長盧秀燕防疫措施在幾份民調中，支持度雖不是最高，但好感度也不俗，讓民進黨2022選情不容樂觀，據媒體報導，有知情人士表示，若現在呼聲最高的立法院副院長蔡其昌不選，那2020曾拿下全國最高票的民進黨立委何欣純就有機會出戰，對上盧秀燕。民進黨立委何欣純。（圖片摘自何欣純臉書）據《遠見雜誌》日前公布一份「縣市長施政滿意度調查」結果顯示，台中市8大施政面向淨滿意度持續提升，「經濟與就業」指標淨滿意度進步幅度最大，高達53.7％。此外，該民調顯示，侯友宜滿意度全台第一，贏得81.5％市民按讚。且盧秀燕是唯一滿意度、施政分數都上升的六都首長。滿意度上升5.8個百分點，施政分數上升3.3分，不滿意度則下降6.3個百分點。據《信傳媒》6日報導引述綠營中部知情人士看法指出，2022民進黨選戰不容樂觀，盧秀燕和彰化縣長王惠美、雲林縣長張麗善，在疫情期間皆有一定的表現，民進黨佔不到一點便宜。而台中政壇近期傳出，蔡其昌並非一定會選市長，也讓地方上的同黨立委何欣純、張廖萬堅都被點名。其中，何欣純曾在2020年立委選舉拿下全國最高票，若推她對決盧秀燕，有機會一搏。但該知情人士也指出，明年選舉台中有一個觀察指標，那就是立委陳柏惟10月下旬的罷免案投票，值得觀察。針對朱立倫提及盧秀燕是2024年參選的強棒之一，對此，盧秀燕昨日也回應：謝謝他的抬愛，她完全沒有這樣的想法，專心市政，謝謝大家。"|https://www.chinatimes.com/realtimenews/20210807003505-260407|2021-08-07|https://images.chinatimes.com/newsphoto/2021-08-07/330/20210807003511.jpg
politic_20210807_20|朱立倫PO文天坑再現 邱俊憲：夠了！雨水還在下|政治|表態回鍋參選的前國民黨主席朱立倫7日PO文「高雄大雨，天坑再現」、「還韓國瑜公道者，必陳其邁」，民進黨高雄巿議員邱俊憲臉書回敬，雨還在下，國民黨政治的口水就等不及的要噴了，為了自己黨主席的選舉，也不需如此冷血。邱俊憲臉書提到，高雄山區正面對極大災害防救壓力時，巿長陳其邁直接前進至山區勘災、市府動員全力防災救災之際，朱立倫此舉，只是惡狠狠的顯示出其充滿政治算計，是在為其黨主席選舉而做的無謂口水罷了。邱說，朱臉書用非坑洞照片，要來達到國民黨政治鬥爭目的，事實是，照片塌陷的路段，是在中崙國中後方，屬於鳳山溪護岸水防道路，因連日豪雨下，導致護岸基礎掏空、伸縮縫加大、後方背填土流失，而出現塌陷情形。另外，水利局也早已公開說明，受損道路主要供防汛搶險使用，塌陷的狀況跟一般市區道路因下方管道損壞掏空或因其他因素而產生坑洞的狀況迥然不同。邱俊憲表示，國民黨，一向都是如此，只會講為了達到他們政治目的的話，夠了，雨水還在下，政治口水，不必了，真的夠了。|https://www.chinatimes.com/realtimenews/20210807003493-260407|2021-08-07|https://images.chinatimes.com/newsphoto/2021-08-07/330/20210807003494.jpg
technologynews_20210803_1|手機通路歡慶第90間門市在七堵開張 三星S21最高現折8千|科技|今年即使受到疫情干擾，卻不影響傑昇通信的展店計畫與新布局，日前傑昇通信在台第90間門市正式成立於七堵，即日起歡慶七堵明德店開幕，傑昇通信全門市推出限定優惠，包含蘋果iPhone、三星S21、華碩、OPPO及POCO等品牌新機，最高現折8千。傑昇通信下半年將繼續往南拓點，以破全台百間通訊門市為目標邁進。北台灣連鎖通訊門市─傑昇通信表示，疫情下持續展店的主因除了通訊產業強大的疫情抗性外，更關鍵的是傑昇通信以 高度標準化及可快速複製擴大的營運方針經營，才能站穩高店數規模經濟，並提供具有價格競爭力的產品。傑昇通信歡慶第90間門市開幕，全台門市祭出多款知名品牌新機折扣，首推蘋果iPhone 12 mini（64GB），原廠定價23900元，現在價格只要19390元，現省4510元。傑昇通信推薦機型。（傑昇通信提供／黃慧雯台北傳真）傑昇通信下半年力拼開設百間直營店，加上第三季有多款新機蓄勢待發，包含即將推出新機的三星，年初發表的Galaxy S21系列也在慶開幕的優惠之列，不管是外型或是功能上都有令人眼睛為之一亮的提升，8GB/256GB容量原廠定價27900元，開幕期間至傑昇通信門市購機用19890元即可入手，現省8010元，還有原廠登錄禮ITFIT筋膜槍及矽膠薄型背蓋（附S Pen）。再來是同為台灣之光的華碩，鎖定喜歡小尺寸手機同時也想要旗艦效能的消費者，新機Zenfone 8採用5.9吋AMOLED螢幕，支援最高 120Hz螢幕更新率，提供低亮度DC調光功能，在低亮度下也能減少螢幕閃爍，搶搭父親節商機，再推出新一波促銷活動，8月底前到傑昇通信門市購買Zenfone 8 5G（8GB/256GB），現折3800元，只要18190元，登錄再送飛利浦君爵柔膚電鬍刀。有著充電5分鍾通話兩小時的OPPO Reno 5誠意十足，採用6.43吋螢幕，解析度為Full HD+，且對應90Hz螢幕更新率，擁有4300mAh的電池容量，就算高調榨乾電量的使用Youtube、玩手遊、視訊通話，支援65W有線快充，都不用擔心斷電閃退，傑昇通信歡慶新門市開幕活動期間，購機現折4100元，只要10890元。|https://www.chinatimes.com/realtimenews/20210803003281-260412|2021-08-03|https://images.chinatimes.com/newsphoto/2021-08-03/330/20210803003283.jpg
technologynews_20210803_2|Logitech推出Scribe AI白板攝影鏡頭 視訊會議互動更順暢|科技|"新冠肺炎疫情帶動全球快速進入遠距互動時代，企業轉換遠距工作、學校改採線上教學情況都在短時間內被迫上限，讓遠距溝通模式的實際果效面臨考驗。因預見混合式工作與教學（Hybrid office and classroom）成為未來趨勢之一，羅技（Logitech）今（3）日宣布推出AI人工智慧白板攝影鏡頭Logitech Scribe。Logitech Scribe Overview: Simple-to-Use Whiteboard Camera for Meeting Rooms and Video Classrooms訂閱影音：中時新聞網Logitech Scribe 為一款白板專用的攝影鏡頭，適用於寬1.8公尺、高1.2公尺的各種白板表面。為虛擬會議參與者提供如臨現場清晰、即時的視覺畫面。能與Microsoft Teams和Zoom等視訊會議系統相容，將白板內容清晰地直播到視訊會議中，此外，還能透過AI自動偵測達到最佳視覺效果。從會議室到教室，從腦力激盪、團體教學、再到互動討論，透過簡單操作介面，Scribe皆可為使用者提供如同親臨現場的參與體驗，有效傳遞溝通想法並且發揮協作創造力。Logitech推出Scribe AI白板攝影鏡頭 ，為使用者與與會者打造親臨現場的互動感，進而揮發創造力。（羅技提供／黃慧雯台北傳真）Logitech全球視訊協作總經理兼副總裁 Scott Wharton 表示：「我們發現，如何將人們熟悉運作的方式 ，如拿起筆在白板上教學、繪圖、腦力激盪、演算或者是使用便利貼( Post-its) 等，轉換到虛擬會議的問題仍未解決； Logitech Scribe AI白板鏡頭的設計，便是理想的解決方案。透過主流雲端服務如Teams和Zoom，Scribe能夠整合白板上的非數位內容在遠距會議與教學環境，簡單直覺地操作方式讓每位參與者皆能真實清晰地看白板畫面，共同參與協作內容。」Logitech Scribe AI白板鏡頭具備幾項特點：一、人工智慧偵測 確保無障礙視野Scribe內建的AI人工智慧可自動移除白板前的演講者，讓所有參與者皆可毫無障礙地看到白板；AI更會自動增強標記的顏色，使內容更易於閱讀， 甚至能偵測到其他會議中常用的工具，如便利貼等。無論是使用家中電腦或者會議室內的大型顯示螢幕，Scribe都能確保不同位置的遠端參與者擁有最佳的視野。二、無縫連接 一指搞定Logitech Scribe操作直覺簡單，講者只需按下隨附的無線分享按鈕或點擊會議室觸控控制器Logitech TAP（如 Logitech TAP），即可開始分享白板內容至視訊會議中；並且與 Microsoft Teams Rooms 、 Zoom Rooms 無縫連接，提升會議順暢度與效率。無線按鈕目前適用於 Zoom Rooms，後續將支援 Teams Rooms。此外， Scribe 與大部分視訊會議應用程序相容，能做為USB攝影鏡頭，靈活應用於不同場域，如會議室、教室甚至居家辦公環境。三、簡約設計 配件齊全簡潔、壁掛式設計加上周全的電纜管理，讓Scribe能無縫地融入現代辦公室或教室。同時提供使用者快速安裝與立即運作之配件，包括無線分享按鈕、壁掛組件、電源和適用於大規模部署的纜線等。Logitech Scribe 壁掛式加上周全的電纜管理，同時配件齊全。（羅技提供／黃慧雯台北傳真）過去一年全球企業面臨立即性遠端運作轉換的衝擊，Logitech也積極因應調整產品設計研發。Scribe的推出，進一步拓展遠端視訊會議協作方案，讓人們能更輕鬆自然、持續展現創意地與數位世界互動。"|https://www.chinatimes.com/realtimenews/20210803002798-260412|2021-08-03|https://images.chinatimes.com/newsphoto/2021-08-03/330/20210803002800.png
technologynews_20210803_3|團購網門市換裝麟洋配奪金賽末點 變身打卡熱點|科技|力挺台灣價值的團購企業家486先生，在8月2日迅速將台北展示中心大變身，門面掛上最夯東京奧運羽球男雙「麟洋配」奪金「賽末點」，吸引眾多網友前來朝聖。同仁更化身「486聖筊組」模仿王齊麟、李洋著名的「聖筊」姿勢，引起極大共鳴。貼文發出不到24小時，已有近萬名網友按讚、上百則留言直呼「超狂」、「這效率誇張的快啊」、「真的超In的啦」，還有多位網友私訊表示已特地經過拍照打卡。此次東京奧運，台灣選手李洋、王齊麟在羽球男雙項目抱回金牌，最具戲劇張力的致勝關鍵是透過鷹眼系統判斷為「IN」的界內球，國人皆為這個賽末點的經典畫面而熱血沸騰。486先生立即將台北展示中心門前掛上「賽末點」布條，並貼文向東奧國手致敬！有鑒於台北門市已掛上超經典奪金賽末點布條，眾多網友在臉書許願，希望台中、高雄展示中心也掛上布條以便前往拍照打卡，486先生從善如流，回應表示近日內就會將台中、高雄展示中心的「賽末點」布條完成，歡迎國人前往打卡留念。|https://www.chinatimes.com/realtimenews/20210803002123-260412|2021-08-03|https://images.chinatimes.com/newsphoto/2021-08-03/330/20210803002124.jpg
technologynews_20210803_4|全台瘋奧運 比賽項目與選手網路聲量出爐最紅就是他|科技|在疫情陰霾下開幕的2020東京奧運，中華隊國手亮眼的成績，讓全台瘋狂追求奧運熱！不僅讓奧運賽事串流平台流量，網友也熱情討論與東京奧運相關的議題！到底哪些比賽項目以及國手的好表現，最受網友青睞，討論熱度超高，快看《Social Lab社群實驗室》透過《OpView社群口碑資料庫》追蹤近一週「東京奧運」運動項目(追蹤範圍7/21-7/29)以及中華隊奧運國手網路聲量(追蹤範圍7/21-7/27)的分析結果。【運動項目網路聲量 小林同學帶動桌球項目奪聲量第一】東奧10大熱議運動項目網路聲量排行。（摘自social-lab官網）透過大數據追蹤發現，在奧運所有運動項目的網路聲量中，「桌球」以十二多萬則的討論度，奪得台灣網友話題第一。桌球天才「林昀儒」在7月29日與中國球王樊振東的比賽中，打出名號，讓許多網友直呼「看見台灣桌球的希望」，不少網友因29日的激戰感到熱血沸騰表示「好精采的比賽，小林同學超強的！」、「看完比賽感覺需要掛心臟內科」。此外，桌球教父「莊智淵」在比賽上孤身奮戰的樣子，也使不少網友感動表示「辛苦了～你是最棒的！」、「勇者無懼，謝謝他為台灣征戰」，而兩位的精彩表現也使得桌球相關話題不斷受到熱議。網路聲量位居第二則是「舉重」，舉重女神「郭婞淳」為台灣摘下本屆奧運第一面金牌後，相關的網路討論聲量急速飄升。而後，郭婞淳的相關話題也持續受到關注，其中因教練林敬能在郭婞淳得獎後抱著他的舉動，使得這一幕引發不小的爭議，事後郭婞淳也有臉書發出澄清文。而在聲量第三的「羽球」相關話題中，許多網友引頸期盼世界第一、羽球天后「戴資穎」的出場，而各界除了看好小戴為中華隊摘下金牌，黃金男雙「王齊麟」、「李洋」的「麟洋配」在贏球後的「聖筊」姿勢，也引發不少的討論關注，網友更笑稱「有神明保佑」。【球后戴資穎眾所矚目奪聲量第一 郭婞淳摘金網路聲量飆升】東奧網路聲量前7名熱門國手。（摘自social-lab官網）在所有中華隊奧運國手的網路聲量中，羽球球后「戴資穎」以22萬多則的討論度，奪得話題第一。目前世界排名第一的戴資穎，在年僅17歲時就摘下世界第一的寶座，後續也在各大國際賽事中衛冕冠軍，在這次東京奧運中表現同樣可圈可點，一路殺進決賽，冠軍戰惜敗中國陳雨菲奪下銀牌。網路聲量位居第二的舉重女神「郭婞淳」，在為台灣摘下本屆奧運第一面金牌後，網路討論聲量急速飄升，郭婞淳本次除了成績海放第二名選手外，也以抓舉103公斤、挺舉133公斤、總計236公斤三項成績，打破奧運三項紀錄；而網友眼尖發現郭婞淳比賽時戴的耳環是知名精品Chanel的經典款，意外引起網友熱論。本次奧運的超級新星——柔道男神「楊勇緯」首度征戰奧運就一舉奪銀，刷新台灣在奧運柔道項目的最佳成績，除此之外，來自排灣族的楊勇緯因五官立體帥氣，奪牌之後在台日兩地引起熱烈討論，除了Instagram粉絲人數暴漲20幾萬，台灣女網友搶當「楊太太」外，日本女生都在問這個柔道銀牌得主到底是誰，因此日本twitter也出現「台湾の選手 イケメン」（來自台灣的帥氣選手）的熱搜，可見楊勇緯在台日兩地的高人氣。夏日炎炎，東京奧運持續火熱登場，賽事將至8月8日結束。身為運動迷的你，不妨也打開電視與家人共襄勝舉，為榮登運動最高殿堂的中華隊選手們持續加油！|https://www.chinatimes.com/realtimenews/20210803001961-260412|2021-08-03|https://images.chinatimes.com/newsphoto/2021-08-03/330/20210803001962.jpg
technologynews_20210803_5|科學家利用雲霄飛車研究揭露了偏頭痛患者大腦的關鍵差異|科技|【偏頭痛患者的問題會被放大】科學家們採用了一項非常規的實驗，他們想比較偏頭痛患者和正常人的大腦中的差異，研究團隊讓受測者們坐在虛擬的雲霄飛車上。事實證明，那些患有偏頭痛的人在坐雲霄飛車時，更容易有暈車和頭暈的現象，而他們的大腦也顯示出與此相關的神經活動差異，偏頭痛長期以來一直與頭暈症和其他大腦症狀聯繫在一起，而我們的感覺告訴我們的訊息也會和真正的感覺發生衝突，這項虛擬雲霄飛車的研究方法對大腦進行詳細的功能性磁振造影掃描。德國漢堡大學的神經學家阿恩·梅（Arne May）說：「偏頭痛患者經常抱怨自己頭暈、出現平衡問題以及在偏頭痛期間對自己身體的位置產生誤解。」「通過模擬虛擬雲霄飛車，我們的研究發現，偏頭痛患者的這些問題不僅會被放大，而且與大腦不同區域的變化有關。」【招募了20名有偏頭痛病史的參與者】「通過識別和確定這些變化，我們的研究可以更完善地瞭解偏頭痛，進而開發出更好的治療方法。」該團隊招募了20名有偏頭痛病史（平均每個月發作4次）的頭痛診所患者，以及20名沒有任何偏頭痛問題的患者，而在進行大腦掃描的同時，研究人員向受測者展示了乘坐雲霄飛車第一人稱視角的影片，該影片伴隨的音樂使體驗更加身臨其境，而隨後研究人員紛紛詢問了他們的感受，這些經歷沒有導致任何偏頭痛發作，但65%的偏頭痛患者像研究員報告有出現暈眩症，而對照組的比例為30%，且偏頭痛患者的噁心感持續時間更長也非常強烈。【橋腦區域的活動量增加】通過功能性磁振造影掃描，研究人員觀察到有偏頭痛病史的人大腦中五個區域的活動量會增加，其中包括參與視覺處理大腦的部分。研究人員說：「我們在偏頭痛患者的大腦中發現的另一個明顯的神經細胞活動區域，也就是橋腦的部分，該區域主要用於調節運動和身體活動。」「橋腦活動增加可能與大腦中視覺、聽覺和感官訊息的異常傳遞有關。」由於世界上約15%的人口——超過10億人——被認為患有偏頭痛，因此醫學界希望能盡力去瞭解更多關於偏頭痛發作的原因，並最終找到治療方法，可能會改善很多人在生活所發生的不便。圖片來源：(Anne Nygård/Unsplash）資料來源：DAVID NIELD(27 JULY2021).Virtual Roller Coaster Ride Reveals Key Brain Differences in People With Migraine. Sciencealert文章來源：科學家利用雲霄飛車研究揭露了偏頭痛患者大腦的關鍵差異|https://www.chinatimes.com/realtimenews/20210803001810-260412|2021-08-03|https://images.chinatimes.com/newsphoto/2021-08-03/330/20210803001820.jpg
technologynews_20210803_6|Delta病毒已傳播到80多個國家！專家歸類出幾項該病毒株的注意事項|科技|首先在印度出現的Delta變種病毒現已傳播到80多個國家，並迅速成為新冠肺炎的主要變種病毒株，在英國等地，Delta變種病毒已經取代了高傳染性的Alpha病毒。Delta迅速傳播迫使各國政府得重新改變計劃，例如，英國推遲了重新開放的計劃、以色列恢復了要求居民在室內戴口罩的規定，且以色列有將近60%的人口已經全面接種了疫苗，而在美國，像洛杉磯建議即使接種過疫苗的人在室內也要戴口罩，世界衛生組織也敦促每個人得繼續戴口罩。最新的研究表示，Delta變種病毒對未接種疫苗的人構成了最大的威脅，美國估計有26.1%的病例是由Delta變種病毒所引起的，而它的流行率會每兩周指數上升。這種威脅在全球更為嚴重，全世界只有23.4%的人至少接種了一劑的COVID-19疫苗，其中大多數人居住在富裕國家，在低收入國家，只有不到1%的人注射過。隨著Delta變種病毒在全球傳播鏈中漸漸佔據地位，研究人員目前對於該病毒的了解如下：（一）Delta變種病毒非常容易傳播英國劍橋免疫治療和傳染病研究所的病毒學家拉文德拉·古普塔說：「雖然Alpha病毒的傳染性比最初的病毒版本高50%左右，但Delta病毒早已超越了這基準。」英國衛生機構英格蘭公共衛生的數據顯示，Delta病毒的傳染性可能比Alpha病毒還要高60%左右。加州大學洛杉磯分校的流行病學家兼美國傳染病協會發言人拉維娜·庫拉爾說：「這非常令人擔憂，在不知情的情況下感染Delta病毒的人可能一次就會將病毒傳染給七到八個人。」（二）Delta變種病毒會避開人體部分免疫系統Delta病毒具有Alpha病毒所具有的所有傳播優勢，它甚至能避開免疫系統的某些部分。古普塔和他的同事在6月22日發表的一項初步研究中報告說：「康復和接種過疫苗民眾的抗體在阻止Delta方面不如對抗最初版本病毒有效。」且當研究小組分析4月份在印度一家醫院接種過阿斯利康疫苗的醫護人員中發現，居然大多數人都已經感染了Delta病毒，這跡象表示，該病毒更有可能感染一些接種過疫苗的人，這在醫學上被稱為突破性感染。不過總體來說疫苗還是仍然起作用的，儘管存在突破性感染的威脅，但迄今為止，疫苗在保護人們免受COVID-19影響方面還是有顯著效果。（三）觀察並等待下一個變種的出現Delta病毒不會是新冠肺炎流行期間出現的最後一個病毒株，雖然疫苗目前仍然可以保護人們，但隨著病毒在未接種疫苗的人群中傳播，若出現一種能降低疫苗效力的變種病毒株也無可避免。世界衛生組織譚德塞在6月25日的新聞發佈會上說：「隨著冠狀病毒的傳播，變種將繼續出現。」病毒會進化，但我們可以通過阻止傳播來防止變異的出現，只要防止病毒繼續傳播下去就能大大降低病毒再次變種的情形。自2019年底新冠疫情爆發開始，人類的生活方式已大大改變，在我們以為情況看似變好的時候，面臨而來的又是一項又一項的挑戰，原本以為對抗新冠病毒的路快走到盡頭，但現在卻還是看不到任何終點，人們在這條路上只能一同攜手面對，期望未來的世界有一天能恢復以往的平靜。圖片來源：CHARLIE RIEDEL/AP IMAGES資料來源：Erin Garcia de Jesús(JULY 2 2021).What experts know so far about the delta variant. Sciencenews文章來源：Delta病毒已傳播到80多個國家！專家歸類出幾項該病毒株的注意事項|https://www.chinatimes.com/realtimenews/20210803001666-260412|2021-08-03|https://images.chinatimes.com/newsphoto/2021-08-03/330/20210803001677.jpg
technologynews_20210803_7|Google自爆 Pixel 6與Pixel 6 Pro採用自研Tensor 晶片|科技|期待Google今年度的旗艦級手機Pixel 6嗎？還在猜測到底Google會不會採用自行研發的晶片嗎？不用再推敲了？Google稍早前在官方部落格發文，提前確認今年度將發表的Pixel 6 與 Pixel 6 Pro，都將採用自行研發的Google Tensor，揭曉謎底了！這一款自研晶片的表現，會不會比蘋果為iPhone自研發的A系列晶片更強悍，令人好奇！Google 裝置與服務資深副總裁 Rick Osterloh 首先回顧了Google推出Pixel手機的歷史。他指出Google在2016 年發表首款 Pixel 手機，當初的目標是為使用者推出更實用且聰明的手機。這些年來，則陸續為Pixel手機推出 HDR+ 和夜視等功能，讓使用者借助 AI （人工智慧）計算攝影技術的拍出亮眼的影像。近幾年Google也運用語音辨識模型開發出錄音工具，能讓使用者直接在裝置上錄製、轉錄及搜尋音訊片段。Rick Osterloh 點出AI 很明確是 Google 團隊未來的創新發展方向，但運算技術的限制使他們無法順利達成所有目標。為此，Google便著手開發行動裝置專用的技術平台，期盼 Pixel 使用者也能享受到最新 AI 與機器學習 (ML) 技術所帶來的優勢，成為了 Google 研發自家晶片系統 (SoC) 的契機。如今，多年來的努力即將收穫成果。Google確認 Pixel 6與Pixel 6 Pro將會搭載自行研發的Tensor 晶片。（Google提供／黃慧雯台北傳真）Google歷經多年研發的Google Tensor 晶片，就是Google第一個專為 Pixel 手機打造的 SoC（系統單晶片），而今年秋季末登場的 Pixel 6 和 Pixel 6 Pro 將搭載這個全新晶片系統。Google也搶先預告，Pixel 6系列的工業設計細節。Rick Osterloh指出，Pixel 6 和 Pixel 6 Pro 採用嶄新設計，不僅在軟體、硬體上保有原本的美學風格，還內建 Android 12 以及全新的 Tensor 晶片系統，讓 Pixel 的使用體驗更勝以往，也將顛覆大眾對 Pixel 手機的認知。Google也為Pixel 6系列也升級了後置鏡頭系統，包括改善感應器和鏡頭性能。為此特別設計一個長條區，將整個相機系統集中至同一處。 Pixel 6 與 Pixel 6 Pro 也採用全新材質及外觀設計，其中 Pro 機型採用拋光鋁合金邊框， Pixel 6 則使用霧面鋁合金外殼。Google Pixel 6與Pixel 6 Pro。（Google提供／黃慧雯台北傳真）Google 日前在 Google I/O 大會發表 Android 12 和新的 Material You 設計理念。秉持著 Material You 的哲學，Google將多年來的色彩研究融合互動設計和工程學，將使用者介面改版，帶來全新動畫和設計架構，加上可順暢執行所有應用程式的 Tensor 晶片，Pixel 使用體驗將更流暢。而Tensor 不僅為當今的手機使用者而打造，也為未來的使用趨勢做好準備。越來越多的功能都是以人工智慧和機器學習技術為基礎，而這不只是單憑增加運算資源就能實現，必須透過機器學習技術才能為 Pixel 使用者提供獨一無二的體驗。Google精心設計 Tensor 晶片的每一個細節，使其得以順利執行 Google 的計算攝影模型。這樣一來，使用者就能同時享有全新功能和經過改良的現有功能。藉由Tensor晶片，Google指出他們能打造出性能持續進化、結合 Google 強大的技術，且可提供高度個人化的使用體驗的理想 Google 手機。此外，Pixel 6 搭載 Tensor 的新款安全核心處理器和 Titan M2，是硬體安全防護層級數最高的手機 2。至於Pixel 6系列其餘的產品詳細資訊，例如新功能、技術規格、定價和販售資訊等，預計在今年秋季公布。如今工業設計上的外觀以及將採用Tensor都無懸念，屆時Google還將端出什麼驚喜，也讓人十分期待！|https://www.chinatimes.com/realtimenews/20210803001491-260412|2021-08-03|https://images.chinatimes.com/newsphoto/2021-08-03/330/20210803001493.jpg
technologynews_20210803_8|網購新戰場 先買後付趨勢崛起|科技|歐洲颳起一股線上購物「先買後付」（Buy now, pay later；BNPL）的風潮，此趨勢在美國也日益普及，促使愈來愈多金融科技公司加入分期付款市場戰局，可望增加美國民眾電商購物付款選項與意願。「先買後付」指的是消費者能以極低或零利率分期付款，並將商品直接帶回家。這與傳統「預付訂金」（layaway）方式不同，後者須等到付清款項才能帶走商品。JMP證券分析師夏爾夫（David Scharf）表示，傢俱業者向來允許消費者以先買後付方式購買高價的大型商品，但這種貸款方式如今也能用於金額較小的網路購物上頭，允許此服務的產業類別增加許多。先買後付趨勢崛起，原因除了商家接納程度變高外，另一因素則是年輕人對於採複利計算的傳統信貸方式疑慮增加，他們擔心後者更容易造成債務負擔。對於商家而言，採用BNPL須支付更高的交易費，但消費者幾乎不必支付任何費用。但若採用BNPL進行電商購物的人夠多的話，商家獲利增加，自然也不會計較這筆交易費用。據金融產品公司FIS Global數據顯示，BNPL去年約占美國電商支付金額僅2％，但此服務普及度日益攀升。BNPL服務在海外地區更加普遍，去年約占歐洲電商交易的7％以上。其中，該服務約占澳洲電商交易的10％，在瑞典的比重則達到23％。此風潮引起許多線上支付平台與金融科技公司濃厚興趣，包括PayPal與Visa等企業相繼推出類似服務，押注美國分期付款市場未來可能更加蓬勃發展。|https://www.chinatimes.com/newspapers/20210803000132-260203|2021-08-03|
technologynews_20210803_9|將強化資安措施 隱私訴訟和解 Zoom付8,500萬美元|科技|視訊會議軟體業者Zoom Video Communications同意支付8,500萬美元和解金，並強化安全措施，以和解侵犯用戶隱私的集體訴訟。根據法律文件顯示，Zoom被控在系統加密安全方面誤導消費者、不當與臉書、谷歌和領英（LinkedIn）分享使用者個資，而且未能防範駭客中斷私人會議，形成所謂的Zoom轟炸（Zoombombing），意即未受邀的用戶以不當語言或色情圖片干擾會議，或騷擾受邀的會議成員。這份在7月31日下午提交的和解協議，仍然需要加州聖荷西聯邦法院法官高蘭惠（Lucy Koh）批准。倘若法官核准，集體訴訟的付費使用者可獲得主要訂閱服務15％的退款，或至多25美元，以高者為準，其他用戶可獲得最高15美元賠償金。Zoom亦同意強化安全措施，承諾與第三方應用程式分享數據時會知會用戶，採取更多措施來保護用戶個資，並且提供員工有關隱私和數據處理的特別訓練。不過該公司否認有任何不法。Zoom於1日透過聲明稿表示，「用戶隱私與安全是Zoom最重視的事情，Zoom認真看待客戶對我們的信賴。Zoom對於平台的進展感到驕傲，並期待以隱私與安全為優先的情況下繼續創新。」Zoom從集體訴訟的付費用戶收取約13億美元Zoom Meeting會議服務訂閱費，但原告律師表示，基於訴訟風險，8,500萬美元是合理的和解金額。原告律師團打算尋求最多2,125萬美元的訴訟費用。新冠肺炎病毒大流行期間，Zoom的用戶呈現爆炸性成長。截至2021年4月，該公司的企業用戶達49.7萬人，較2020年1月的8.19萬人足足翻六倍。Zoom表示，隨著越來越多民眾接種疫苗，用戶成長率可能減緩或是下滑。|https://www.chinatimes.com/newspapers/20210803000130-260203|2021-08-03|https://images.chinatimes.com/newsphoto/2021-08-03/330/A08A00_P_02_02.jpg
technologynews_20210802_10|華碩預告8／16推ROG Phone 5新機 VIP限定賽事開跑|科技|ROG Phone 5上市以來受到玩家支持，限量版ROG Phone 5 Ultimate更寫下開放預購1小時完售紀錄！華碩今日表分享，全球副總裁林宗樑為ROG Phone 5系列創下佳績，向玩家的肯定表達感謝。他預估今年ROG Phone 5總銷量將較前代ROG Phone 3成長80％！並預告8月16日將推出新機，敬請玩家期待。為回饋ROG Phone VIP熱情相挺，ROG玩家共和國與《Garena傳說對決》舉辦「ROG Phone夏日傳說—集結你的信仰」活動，邀請VIP與海牛、阿亮、The Man等10位前職業選手、實況主組隊，挑戰總獎金高達20萬元冠軍賽，引爆粉絲討論熱潮！冠軍賽將在8月25日於ROG玩家共和國官方YouTube/Facebook/Twitch及各實況主頻道線上同步直播。「ROG Phone夏日傳說—集結你的信仰」所有組隊成功之參賽者皆可獲ROG Strix Go TYPE-C電競耳機；於個人社群平台公開發布ROG裝備照及標籤關鍵字，還有機會獲得專屬ROG遊戲戰備。|https://www.chinatimes.com/realtimenews/20210802004584-260412|2021-08-02|https://images.chinatimes.com/newsphoto/2021-08-02/330/20210802004597.jpg
technologynews_20210802_11|全台瘋奧運 MOD、Hami Video流量飆破2.18億 |科技|中華隊出征東京奧運喜訊連連，繼黃金組合李洋/王齊麟於7月31日取得羽球男雙金牌後，台灣羽球天后戴資穎和李智凱也在8月1日分別取得羽球女單及鞍馬銀牌，寫下我國奧運史上最佳紀錄。這一波奪牌熱潮，也讓中華電信MOD、Hami Video一舉刷新轉播收視紀錄，雙平台總計創下375萬人的奧運收視新里程碑！本屆東京奧運提供賽事轉播的中華電信OTT平台Hami Video，因奧運熱成為國內最火熱的app，在開賽第八天寫下史上新紀錄，總瀏覽量(page view)創下破2億的發燙成績! 其中，8/1戴資穎爭金的羽球女單之夜，單日最高流量(page view)更衝破2000萬次。Hami Video發現， 7月31日至8月1日中華隊羽球男雙李洋/王齊麟、羽球女單戴資穎、鞍馬李智凱比賽期間，大量客戶下載Hami Video app，寫下連續10天蟬聯App Store下載數第一名的成績！奧運開打至今，新增付費用戶數近20萬戶，除了觀賞奧運賽事的運動館外，也一舉帶動影劇館訂閱成長1.3倍！中華電信指出，MOD、Hami Video「一站式奧運專區」特別收錄本屆精彩賽事，可無限次回看的賽事隨選VOD，也受到國人好評，今年由世界球后戴資穎領銜出戰的羽球果不其然登上國人最愛的隨選賽事寶座，還有奧運金牌得主李洋/王齊麟黃金組合、郭婞淳舉重奪金瞬間、奧運開幕典禮、林昀儒在桌球男單賽事的精彩表現，即使未能在第一時間收看直播，仍可透過VOD隨選隨看，不受時間、地點的限制，重溫感動！|https://www.chinatimes.com/realtimenews/20210802004545-260412|2021-08-02|https://images.chinatimes.com/newsphoto/2021-08-02/330/20210802004549.jpg
technologynews_20210802_12|趨勢科技提醒 詐騙貼圖、偽直播狂蹭奧運熱小心上當|科技|隨著東京奧運賽事白熱化，台灣選手們接連傳來捷報，詐騙集團也伺機搶搭奧運熱潮！根據資安解決方案廠商趨勢科技統計，今年7月已為全球攔截逾1億筆惡意網址，其中包括東京奧運開幕迄今，高達上萬筆與奧運相關的惡意網址四處流竄，，呼籲當民眾收到相關訊息時，應常保警覺心並多加留意真實性，避免落入陷阱，將個資與錢財雙手奉上給不肖份子！趨勢科技分析東奧開幕至今，詐騙集團手法也隨時事更新，推出LINE詐騙貼圖「世界球后戴資穎勇闖金牌戰」；或是出現偽裝為線上轉播串流平台的釣魚網站。除了當前的奧運熱，還有「媽祖防疫詐騙貼圖」及緊接而來的「父親節慶祝假貼圖」紛紛出籠，呼籲民眾要提高警覺。趨勢科技觀察，假貼圖是最難以防範、且偽裝指數最高的詐騙類型，例如近期臺灣奧運健兒們陸續摘金戴銀，網路上各式限時免費下載的假貼圖也到處流竄。包括「國旗正飄揚 台灣No.1」國旗貼圖、「世界球后戴資穎勇闖金牌戰」、「奧運黃金羽球麟洋配」等，藉邀請民眾轉傳贈送親友，得以騙取民眾個資。此外，父親節將至，趨勢科技近期也發現打著感謝父親名義的「父親節蠟筆小新の爸爸野原廣志」和「慶祝降二級 媽祖防疫貼圖」等詐騙貼圖，民眾一旦點擊，非但拿不到免費貼圖，還可能被犯罪分子不著痕跡的加入LINE好友，等待時機改頭換面後佯裝熟人進行二次詐騙。或是透過轉傳與分享的方式，讓詐騙連結在社群中快速傳散，待累積一定帳號數量之後，再轉賣給非法組織，藉此達到牟利目的。趨勢科技提醒民眾，免費的最貴，千萬別輕易相信天外飛來的好康！不肖份子架設假的賽事轉播平台，聲稱可提供即時轉播服務，藉以向民眾收費或暗中下載並安裝惡意廣告程式。(趨勢科技提供／黃慧雯台北傳真)除了假貼圖詐騙之外，詐騙集團也利用民眾對於奧運賽事的高關注度，打造假冒的線上轉播串流平台，聲稱提供線上即時轉播服務，要求使用者付費進行金錢詐騙；或是在使用者點擊假的賽事轉播平台網址連結後，於未經同意或未知的狀況下，暗中在使用者的裝置上下載並安裝惡意廣告程式，讓使用者裝置暴露於風險之中！趨勢科技提醒民眾，請支持並使用合法轉播平台觀看賽事，切勿隨意點選可疑與來路不明的連結，避免裝置中毒與個資外洩的資安風險。趨勢科技提醒，網路詐騙手法多變，不肖份子擅長跟著時下議題及節慶進行詐騙，民眾可透過以下方式遠離多變的網路陷阱：1.	免費貼圖不亂點、不亂傳：趨勢科技建議，當民眾收到免費貼圖下載資訊時，切勿直接轉傳，請至「LINE貼圖小舖」確認是否的確有此免費下載貼圖，面臨疑慮的[email protected]帳號提出好友加入邀請時也應審慎考慮，檢視帳號名稱旁邊的盾牌顏色是否為LINE官方帳號認證的綠色盾牌或是[email protected]官方認證的深藍色盾牌，若盾牌是灰色則表示為一般帳號，民眾加入好友前應審慎考慮，同時也應隨時更新自己的資安防護意識及行為，才是守護自己與他人個資的安全之道！2.	善用防詐達人判別連結是否安全：除了上述辨識方法之外，趨勢科技建議民眾先將可疑網址或訊息，轉傳給趨勢科技防詐達人LINE＠帳號或是防詐達人臉書版，不僅能針對釣魚連結、詐騙訊息、網路謠言、假新聞，甚至針對轉傳圖片上的文字，免費提供真偽辨識及事實查證功能，大幅減少個資外洩的風險。同時，也透過安裝趨勢科技防詐達人於Chrome和Edge的「防詐達人瀏覽器擴充功能」，為使用者自動評測瀏覽網站安全性，遇到惡意連結或網站軟體，會自動警示阻擋，同時還能攔截廣告與第三方追蹤，並協助檢查歷史紀錄協助清除風險，讓民眾安心上網無虞！同時，現今網路詐騙已不限於單一詐騙手法，建議民眾透過專業防毒軟體，為電腦提供多層防禦。另外也可於手機裝置也可下載趨勢科技行動安全防護等類似的防護、防毒app，藉由過濾夾帶詐騙網址的陌生簡訊內容，預先阻擋詐騙簡訊的危害。|https://www.chinatimes.com/realtimenews/20210802004472-260412|2021-08-02|https://images.chinatimes.com/newsphoto/2021-08-02/330/20210802004489.jpg
technologynews_20210802_13|NCC公告多款機上盒不符規範 請民眾勿買勿賣|科技|近日中華隊出征奧運屢奪佳績，引爆收視潮。但竟然也爆發影視名人利用違法機上盒收看的風波，讓機上盒等相關議題再度掀起討論。今(2)日國家通訊傳播委員會(NCC)特別發出新聞稿，公告不符合技術規範而廢止審驗證明者的65款機上盒，敬請民眾明辨，勿再購買或販售。NCC指出，為維護電波秩序及民眾權益，自106年度以來，已加強抽驗無線網路多媒體機上盒(簡稱無線機上盒)，其中抽驗不符合技術規範而廢止審驗證明者計65款。為利充分資訊揭露，已將經廢止審驗證明之無線機上盒相關資訊公告於NCC「型式認證查詢網頁」項下之審驗證明撤銷或廢止清冊，民眾可進行查詢。NCC說明，市售無線機上盒因具備無線射頻功能(Wi-Fi或藍牙)，屬電信管制射頻器材，依電信管理法第66條第1項規定，應符合技術規範，經審驗合格，始得販賣。近期NCC於今年4月8日、6月11日主動抽查，今年截至110年8月2日止，已廢止9款射頻器材審驗證明。NCC指出，無線多媒體機上盒之型式認證僅限於硬體射頻功能，並不包括其所載軟體及其後端或雲端提供之影音內容。為避免部分人士惡意混淆視聽，將硬體審驗作為內容已認證之宣傳行銷手段，NCC已積極協力處理此類器材所涉智慧財產保護事宜，並採取下列措施：一、要求申請審驗者須出具所提供軟體不違反著作權法之切結書。二、把關電信管制射頻器材上市後之硬體射頻性能，加強市場抽驗。三、函請電子商務網路平臺業者協助阻卻未經審驗合格之電信管制射頻器材上架。四、請財政部關務署配合加強查核，以防杜走私情形。五、持續與相關機關共同致力保障合法者權益。NCC提醒，刑事局電信偵查大隊於今年2月執行淨頻專案，查獲2處安博機房、4家機上盒經銷商，發現違法機上盒提供未獲授權的國內外電視頻道節目，NCC持續協力與經濟部智慧財產局及刑事局電信偵查大隊共同打擊不法機上盒，一經查獲將依違法情節查處，業者不要存有僥倖心態。NCC也呼籲，民眾購買無線機上盒前，除應注意是否有經NCC審驗合格，避免買到劣質的產品外，更重要的是購買後也應尊重智慧財產權，不任意接取未經授權影音節目及頻道或安裝相關韌體、APK等程式，共創優良產業環境。|https://www.chinatimes.com/realtimenews/20210802004379-260412|2021-08-02|https://images.chinatimes.com/newsphoto/2021-08-02/330/20210802004388.jpg
technologynews_20210802_14|聯發科技攜手愛立信創下5G毫米波上傳速度最高紀錄|科技|IC 設計廠聯發科(MediaTek)在5G毫米波 (mmWave) 技術再傳捷報。日前與國際網通廠愛立信 (Ericsson) 執行了毫米波頻段4載波(four-component carrier 4CC) 上行載波聚合的技術測試(UL CA)，創下業界最高495 Mbps傳輸速率的紀錄──在5G NR達到425 Mbps加上4G LTE達70 Mbps，為目前水準的兩倍，對 5G 毫米波的啟用深具意義。聯發科指出，這項上行載波聚合測試項目是業界首創，將為電信商的上行鏈路應用提供更好的速度和容量，使用虛擬實境(VR)及擴增實境(AR)時流暢進行，使用行動裝置視訊時不定格、不斷訊。聯發科技無線通訊系統發展本部總經理潘志新說：「本次與愛立信攜手合作，成功展示領先全球的毫米波上行技術，再次為5G發展創下新的里程碑，並將5G的效能推至極限，為5G毫米波開闢了一條快速、穩定和高效率的捷徑。」潘志新進一步表示：「聯發科技推出的M80 5G晶片組，同時支援毫米波和Sub-6GHz雙5G頻段，為使用者帶來高速連網的5G暢快體驗。由於技術上的優異表現，目前聯發科技的5G技術已經得到全球100多個電信公司的驗證，將持續與全球合作夥伴緊密合作，為消費者帶來更快速、更可靠的5G體驗，以領先的實力樹立業界里程碑。」愛立信5G RAN產品線負責人Hannes Ekström表示：「我們在過去的成功基礎上持續前進，打破了自己的上傳速度記錄。我們以近500 Mbps的最高速率，與聯發科技一起創下最新的里程碑，並展示如何結合毫米波和載波聚合技術，在上行鏈路中提供前所未有的資料傳輸速度。 這意味著我們的客戶可以透過更高的上行速率來強化他們的5G產品，進而大幅改善使用者體驗。」台灣愛立信新事業部門副總經理暨終端互連測試中心負責人周大企表示：「台灣愛立信終端互連測試中心（Ericsson Device Application and Verification Center EDAV）與聯發科技過去十多年以來在晶片的研發與驗證測試上一直保持緊密合作。在5G毫米波的合作上，更從瑞典的愛立信實驗室擴展到聯發科技台灣總部的開放場域驗證。未來也將持續合作，透過大量可靠性驗證，達成在不同國家的5G實網環境的最佳性能優化。 」長期以來，從上網到串流媒體服務，下行鏈路表現或下載速度一直在用戶的網路使用行為中佔有主導地位。 然而，隨著Covid-19疫情帶動世界各地的人們在家工作或學習，上行鏈路或上傳速度性能的重要性也越發明顯。上傳速度除了決定資料從電腦或行動裝置發送到網路的速度，包括將文件如照片和影片等上傳到社群媒體或協作工具中，對於視訊會議圖像和聲音品質也極其關鍵。在使用Skype或Microsoft Teams等應用程式時，強大的上行鏈路傳輸能減少或終結螢幕畫面停格、音質損壞的情形。 更快的上行鏈路，也能改善網路電話IP語音 (VoIP) 和線上遊戲體驗。根據聯發科的說明，本次測試使用搭載聯發科技M80 5G晶片的裝置，以準商用軟體進行，並採用愛立信RAN Compute (無線存取網路運算) 基頻設備6648和毫米波無線單元AIR 5331。愛立信和聯發科採用非獨立組網架構 (NSA)，在上行鏈路中整合了4載波，每段載波均為100 MHz (聚合下行鏈路中的8x100MHz和上行鏈路中的4x100 MHz)。這項載波技術在實驗室環境中達成了495 Mbps的傳輸量 (5G中的425 Mbps加上4G 中的70 Mbps)，是當前市場中上行鏈路速度的兩倍。這項測試結合5G NR 39 GHz頻段的400 MHz頻寬，以及4G LTE 1900 MHz頻段的20 MHz單一載波。本次載波聚合使用整個LTE和NR的頻寬，實現了將近500 Mbps的總傳輸量。|https://www.chinatimes.com/realtimenews/20210802003408-260412|2021-08-02|https://images.chinatimes.com/newsphoto/2021-08-02/330/20210802003415.jpg
technologynews_20210802_15|LINE推出聊天室表情符號 可針對訊息回應心情更有趣|科技|「聊天室裡有句話真的很有同感，超想按個讚！」現在，不只在LINE社群中可使用「聊天室表情符號」，這項功能也正式支援LINE所有聊天室了！LINE今（2）日正式宣布，在聊天室中新增「聊天室表情符號」功能，「長按」訊息框即可點選反映當下心情的表情符號，且對方或群組成員都不會收到相關通知，無須擔心打擾到其他人，可針對單一則訊息盡情表達感受。LINE「聊天室表情符號」新功能於今日陸續釋出於LINE iOS 與 Android版本，用戶更新LINE到 11.11.0（含）以上或最新版本，即可顯示聊天室表情符號。「聊天室表情符號」功能在今（2021）年初已先行在LINE社群開放體驗，根據LINE內部數據統計，截自2021年6月底，在LINE社群中最多人點選的表情符號，前三名分別為讚 （Like）、開心 （fun） 和愛心 （Love）。現在，隨著這項功能正式推出，適用範圍不只LINE社群，更擴及大家日常使用的聊天室。在聊天室中，可以針對一週內發送的訊息或照片點選表情符號，點選後不會對該訊息的發送者產生通知，也不需擔心打擾群組。實際應用方式像是，若錯過在最佳時間透過貼圖或訊息即時回覆，隨時都可以在該訊息上點選聊天室表情符號，也不會打擾到群組或發言者。用戶只要輕點訊息框下方回覆的表情符號，即可看到群組成員的回應。(LINE提供/黃慧雯台北傳真)若要針對一則訊息點選表情符號，只要在該訊息框上「長按」即可，「再次長按」訊息框則可更換、或取消剛剛點的表情符號。此外，若想看群組成員都回覆了什麼表情符號，只要輕點訊息框下方回覆的表情符號，即可看到群組成員的回應。|https://www.chinatimes.com/realtimenews/20210802003297-260412|2021-08-02|https://images.chinatimes.com/newsphoto/2021-08-02/330/20210802003309.png
technologynews_20210802_16|馬斯克表示人類可以建造「極其安全」的核能發電 且根本不需要核聚變|科技|【打造極安全核電廠是可行性的】特斯拉、SpaceX 執行長伊隆·馬斯克（Elon Musk）從過去到現在都是不折不扣的擁核派人士，最近他更在 B-Word 線上會議表示：「核能非常安全，打造極安全核電廠的確是有可行性的。」由於工商業發達，科技不斷的進步，人民的生活越來越便利享受，所使用的電量需求相對就會越來越多，於是不得不尋求更好的解決之道，因此科學家研究出核能發電廠，使其能發出高效率的電力來使用，完全是現代科技的一大見證，但是對於核能發電民眾的聲浪也非常兩面，但不可否認它對於電力的提供所帶來的貢獻是非常大的。【馬斯克認為：我們並不需要核融合技術】過去幾十幾年來，核能雖然被視為低碳排、發電量高的基載電力，但只要一發生事故，往往是人們與環境難以負荷的災難，也因此在核能發展中，反核行動也如影隨形，到現在核能到底算不算乾淨能源、是否是綠能都會引起大批民眾爭論，不過馬斯克認為，事實與人們想像地截然不同，現在的核電廠非常安全，他表示，打造非常安全的核電廠是完全有可能的，而且他提到的還不是新一代的核融合技術，特別強調自己說的是核分裂（fission）技術，更表示「我們並不需要核融合技術」。核融合技術可以說是在地球上打造一顆媲美恆星的能量，若將這些能量用於發電廠，未來各國就再也不用擔心缺電與二氧化碳排放的問題。不過馬斯克對此表示：「天空中就有一座巨大的核融合反應爐，也就是太陽，且它每天都會出現。」目前的核融合技術尚未成真，縱使有多家企業、甚至各國聯手一同研究，但核融合技術裝置運行所耗能源仍大於生產能源，距離商業化還有一段時間。【應該建設更多的核電廠】馬斯克此次沒有詳細說明如何讓核電廠變得「極為安全」，但馬斯克一直以來都公開支持核能，馬斯克在2007 年時就曾表示：「我們應該建設更多的核電廠，它比燃煤發電廠或天然氣發電廠能更完善的發電。」核能發展至今，核分裂技術沒有停滯不前，也至致力朝更安全方向與目標前進，例如比爾蓋茨（Bill Gates）的新一代核能技術泰拉能源（TerraPower），以及小型核反應爐（SMR）等。SMR 開發目的為便是取代舊有單一或多個大型反應爐，可以將更小更靈活的模組化核反應爐裝置在偏遠地區或船隻上，或許這項技術能反轉社會對核能的壞印象，不過這些也都尚未規模商業成熟化，因此至今也不全然獲得大眾的認同。圖片來源：futurism資料來源：VICTOR TANGERMANN(2021JUL 23).ELON MUSK SAYS IT’S TOTALLY POSSIBLE TO BUILD “EXTREMELY SAFE” NUCLEAR PLANTS. Futurism文章來源：馬斯克表示人類可以建造「極其安全」的核能發電，且根本不需要核聚變|https://www.chinatimes.com/realtimenews/20210802003199-260412|2021-08-02|https://images.chinatimes.com/newsphoto/2021-08-02/330/20210802003202.jpg
technologynews_20210802_17|東京奧運展開 日本醫生憂：「新變種病毒可能以東京奧運命名」|科技|【新變種病毒可能以東京奧運會命名】今年的東京奧運是由於去年疫情的影響，所以日本政府將原訂 2020 的東京奧運延期，延到了今年夏天，也成為歷史上第一屆延期的奧運會，不過最近又因為日本的疫情逐漸回升，許多人針對日本政府最終舉辦東京奧運的決定，開始在網路上掀起一波討論，日本街頭也出現許多街頭抗議的遊行。據《路透》報導，日本醫生聯盟負責人上山直人說：「7月的日本奧運將會有來自200多個國家和各地區的人抵達東京，在疫情肆虐的背景下，舉辦奧運會非常危險。」上山直人擔憂，來自不同地方的不同病毒變異株聚集，不排除在奧運會之後出現新病毒株的可能性，若出現這種情況，那麼新變種病毒可能以東京奧運會命名，這將是巨大悲劇，接下來好幾百年都會被指點。」儘管日本目前正努力防堵第四波大流行，日本官員、奧運委員會堅稱，東奧會將在嚴格的預防措施下如期舉行，上山直人則批評：「關於這些聲明，日本人民感到非常憤怒，尤其是醫護人員更是如此。」【日本政府選擇無視醫生的警告】日本政府選擇無視醫生的警告，繼續舉辦東京奧運，根據美聯社報導，運動員和工作人員確診COVID-19的病例總數已經漸漸飆升，而這是在東京奧運都還沒正式開始前發生的。確診案件包括美國體操運動員卡拉·埃克(Kara Eaker)，她的檢測結果呈現陽性，現在她不得不在接下來的14天當中接受隔離，根據美聯社報導，捷克隊員Ondřej Perušič的檢測結果也呈陽性，他將取消接下來的三場比賽，還有兩名體操運動員在奧運村外參加訓練營的同時，也收到了確診通知，根據《紐約時報》報導，南非足球隊中至少有3例確診病例。【可能會出現聚集性感染】倫敦國王學院(King ‘s College London)人口健康研究所(Institute for Population Health)前所長澀谷賢治(Kenji Shibuya)對路透社(Reuters)表示：「很明顯，日本政府想建立的泡沫體系在某種程度上已經破裂。」「當然我最擔心的是，在村莊或一些住宿場所以及與當地日本民眾的互動中，會出現聚集性感染。」根據美國有線電視新聞網報導，東京2020年奧運會首席執行官武藤敏郎今天表示：「他不排除在最後一刻取消奧運會的可能性，該市在7月21日宣布了當日有1387例新冠肺炎病例，這是自1月中旬以來的第二單日高確診。」圖片來源：TOKYO OLYMPICS資料來源：VICTOR TANGERMANN(2021JUL 21).NUMBER OF COVID CASES LINKED TO TOKYO OLYMPICS SPIKES TO 71. Futurism文章來源：東京奧運即將展開，日本醫生憂：「新變種病毒可能以東京奧運命名。」|https://www.chinatimes.com/realtimenews/20210802003131-260412|2021-08-02|https://images.chinatimes.com/newsphoto/2021-08-02/330/20210802003144.jpg
technologynews_20210802_18|今年確定不推新Galaxy Note 近3萬網友請願明年重出江湖|科技|三星（Samsung）自2011年開始推出Galaxy Note系列手機，不僅以超過當時智慧型手機螢幕尺寸許多的型態推出，還加上了S Pen，獨樹一格。自推出以來，因獨特的使用體驗，累積不少死忠粉絲。以往三星都會在下半年推出新一代Galaxy Note，但先前官方已證實，今年確定不會有Galaxy Note新品。近日向來鎖定報導三星相關新品資訊的外媒，因此在請願網站發起訴求，期待三星能在2022年推出Galaxy Note新機，引來破萬網友支持！《SamMobile》網站日前在請願網站Change.org發起提案，期待三星能夠在2022年上半年（H1 2022）推出全新的Galaxy Note旗艦手機。提案者指出，他們與全球許多粉絲一樣，都很喜愛Galaxy Note系列手機。雖然很可惜今年三星確定不會推出Galaxy Note新機，但是如果改到2022年推出也很不賴。他們表示，非常期待三星可以持續保留所有的旗艦（手機）產品線，讓使用者可以有更多不同的選擇，讓喜愛不同（三星手機）產品線的粉絲都能開心。《SamMobile》網站發起期待三星2022年再度推出Galaxy Note手機的請願。（摘自Change.org）如今，這一項請願案已經吸引超過27000名網友支持，並不在少數。針對這項請願，有網友Jan Hudecek表示身為一個Galaxy Note系列的資深粉絲，對於三星（今年）取消推出此系列，改推可折疊螢幕手機的策略覺得很失望；網友Joshua Alexander則表示對可摺疊手機不感興趣，請（三星）可以持續推出令人驚豔的Note系列手機。很顯然，就是專愛Galaxy Note系列手機粉絲仍是大有人在。根據三星在2020年8月在台推出Galaxy Note20系列時的報導，時任台灣三星電子總經理的李大成指出（2020年12月，三星宣布，台灣三星電子總經理李大成（Dustin Lee）將升任三星電子行動通訊事業部產品行銷策略處大中華地區負責人。台灣三星電子總經理一職將由鄭泳煥（Kevin Jung）接任），Galaxy Note系列在台累積銷售量已達近320萬，可見在台粉絲數量也相當驚人。不過，請願提案只能表達部分網友的想法與意見，會否影響三星官方決策，只能聽天由命。畢竟在2020年初也有網友請願三星不要再使用Exynos處理器，能在全球市場使用一樣的中央處理器與影像感測晶片（目前累積請願者約有4萬8千多人），但也不見三星改變策略。上述《SamMobile》網站發起讓Galaxy Note系列在2022年重出江湖的請願，特別提到三星有可能是因為晶片短缺的問題，才在今年取消Galaxy Note系列。由於三星並未將話說死（三星沒有表明未來不再推出Galaxy Note系列），因此若是疫情趨緩，舒緩了晶片短缺（或其他）的供應鏈問題，以Galaxy Note系列長期累積的用戶基礎來說，三星應該不會輕易放棄這條產品線。|https://www.chinatimes.com/realtimenews/20210802002454-260412|2021-08-02|https://images.chinatimes.com/newsphoto/2021-08-02/330/20210802002459.jpg
technologynews_20210802_19|中華電研發視覺化疫情斑點圖 一秒看出熱區|科技|因應COVID-19疫情，中華電信今天公布多項科技防疫應用服務，其中，疫情斑點圖以視覺化方式呈現確診足跡位置，可迅速掌握疫情熱區；COVID-19血氧監測雲端平台可改善血氧監測效益，已在部分醫院上線。中華電信以自主研發的職場健康管理系統為基礎，研發擴充疫情斑點圖、員工足跡管理、企業快篩管理防疫功能，將各縣市疫情防治網公告的疫調資料確診足跡位置，以視覺化方式呈現在地圖上，形成疫情斑點圖，有助於防疫工作人員掌握疫情熱區，以利進行疫調、清消與關懷。中華電信表示，職場健康管理系統可以讓企業管理員工足跡與快篩結果，協助企業進行防疫工作，已率先運用於新竹縣沁月產後護理之家。中華電信另與陽明交大「數位醫學暨智慧醫療推動中心」合作成立血氧監測緊急救援隊，和教授楊智傑共同完成「COVID-19血氧監測雲端平台」開發，以病人為中心，透過資訊技術改善傳統血氧監測效益，達成即時連續監測、減低病患操作難度、減少醫護人員接觸風險的3大目標。COVID-19血氧監測雲端平台已在新北聯醫及陽明交大附設醫院專責病房上線，提供雲端自動監測與示警，可追蹤病患的血氧變化並即時介入。此外，中華電信自主研發的「科技防疫安全網」結合職場健康管理系統及健康雲平台的疫情管理功能，彙集快篩、疫苗接種、足跡資訊，可協助企業進行多樣化對象的足跡及防疫資訊管理。（編輯：潘羿菁）1100802|https://www.chinatimes.com/realtimenews/20210802001981-260412|2021-08-02|https://images.chinatimes.com/newsphoto/2021-08-02/330/20210802002184.jpg
technologynews_20210802_20|LINE WEBTOON歡慶七週年 宣布《宅男打籃球》影視化2022年開拍|科技|網路漫畫平台 LINE WEBTOON 今（2）日歡慶登台七週年，並以《我們的週年紀戀日》為主題迎來首位在台代言人，邀請《火神的眼淚》劇中熱血帥氣的林柏宏化身「撕漫男友」，現身於三支代言影片，並獨家公開漫畫特輯《我們的週年紀戀日-撕漫男友林柏宏專訪》，更獻上男友視訊橋段製成的IG濾鏡與粉絲甜蜜互動！同步也推出七週年活動，只要下載登入APP並完成指定任務，即有機會將iPhone 12和代言人林柏宏的精美週邊好禮帶回家！LINE WEBTOON 回顧發展歷史，分享到母公司從2004年於韓國成立以來，持續擴展全球版圖，進軍台灣、日本、美國、泰國、印尼、法國、德國、拉丁美洲等市場，至今在全球總下載量超過2億，作品數累積超過130萬部，具有750000名創作者，台灣市場則累積超過600部的繁體中文作品和近100位的本土創作者，可見整體漫畫市場的蓬勃發展。近年LINE WEBTOON 旗下作品陸續改編為戲劇、電影、動畫，包含《與神同行-神的審判》、《女神降臨》、《SWEET HOME》、《無法抗拒的他》、《奇奇怪怪-整容液》、《神之塔》等漫畫改編劇作皆引發熱潮，已成為孵化娛樂內容原創IP重要平台之一。LINE WEBTOON登台七週年，不僅有豐富多元的漫畫內容，並結合動態音效創造身歷其境的體驗，也支援漫畫下載離線閱讀和跨裝置觀看。為打造更多元的娛樂體驗，LINE WEBTOON積極推動原創IP發展，今首次公開，以魯蛇追尋籃球夢為主題的熱血人氣作品《宅男打籃球》將由內容物數位電影製作有限公司進行影視化改編，預計於明年第二季正式開拍，也成為LINE WEBTOON台灣首部漫改影視作品！《宅男打籃球》從2015年開始連載，描述主角周大華從高中籃球校隊的風雲人物，一轉眼變成一位年近30歲過著鹹魚般混吃等死生活的魯蛇，直到他報名了「寶島社區盃3對3籃球大賽」，才又逐漸找回奮鬥的目標。過程中爆笑又熱血的故事情節，吸引一群忠誠粉絲，預計明年開拍成影集後，勢必再掀起一波熱潮！《宅男打籃球》成為LINE WEBTOON台灣首部漫改影視作品。（LINE提供／黃慧雯台北傳真）LINE WEBTOON台灣事業部總經理崔準榮表示：「感謝台灣用戶長期以來的支持，在地創作者的培育一直是我們最重視的一環，目前在台已有近100位本土創作者在平台上發光發熱。很高興能於七週年之際宣布，本土漫畫《宅男打籃球》將成為LINE WEBTOON登台後首部培育出的影視化作品。往後我們將持續協助創作者作品IP發展的更多可能，並努力為台灣漫畫家打造優質的創作環境。」同時，LINE WEBTOON也以本土漫畫家「夢想孵化器」為目標，致力扶植創作者站上世界舞台，帶動台灣文創產業發展。為提供更豐厚的資源，平台推出創作者培育計畫，針對已簽約的既有創作者，定期舉辦專業網漫作家訓練營和網漫作家交流會，讓優秀創作者有更多分享與對話空間，激發創新火花；並且延續韓國總部經驗，將於台灣啟動經紀約計畫，替創作者拓展更多IP發展機會。而針對新銳作家，LINE WEBTOON則在今年起大力推動「網漫作家培育計畫」，只要至平台上傳新作，即有機會獲得資深編輯一對一指導以及正式連載作品，讓潛力新星嶄露頭角，邀請更多優質創作者們一起加入LINE WEBTOON。為了歡慶七週年，LINE WEBTOON祭出《我們的週年紀戀日》系列活動，公開首位台灣代言人—在《火神的眼淚》飾演帥氣打火英雄的林柏宏！林柏宏將化身完美「撕漫男友」，出演三支以LINE WEBTOON人氣漫畫內容出發的創意短影片—《我們的週年紀戀日–約會篇》、《我們的週年紀戀日–靠近篇》、《我們的週年紀戀日–獻殷勤篇》，影片劇情皆巧妙串聯情侶間特殊的「紀念日」，呼應七週年主題。除了代言影片，LINE WEBTOON更將林柏宏獨家專訪製成《我們的週年紀戀日-撕漫男友林柏宏專訪》漫畫特輯，以長條漫畫形式呈現總共四話的精彩內容！此外也上架IG主題濾鏡《與我的撕漫男友林柏宏視訊吧！》，讓讀者們線上享有和撕漫男友的甜蜜互動。最後，LINE WEBTOON同步啟動《我們的週年紀戀日》七週年讀者活動，只要下載登入APP，觀看創意短影片且於《我們的週年紀戀日-撕漫男友林柏宏專訪》指定話次按愛心，並將三部人氣漫畫《女神降臨》、《我與教授難以啟齒》、《今生也請多指教》加入最愛，即有機會將iPhone 12和撕漫男友代言人林柏宏的精美週邊好禮帶回家，數量有限，送完為止，心動的粉絲趕緊手刀下載！|https://www.chinatimes.com/realtimenews/20210802002124-260412|2021-08-02|https://images.chinatimes.com/newsphoto/2021-08-02/330/20210802002128.jpg
